{"stats":{"minecraft:picked_up":{"minecraft:cooked_beef":1,"minecraft:ladder":3,"minecraft:cut_sandstone":1,"minecraft:mourner_pottery_sherd":2,"minecraft:golden_shovel":1,"minecraft:oak_log":10,"minecraft:brick":5,"alexsmobs:gazelle_horn":2,"minecraft:dirt":14,"minecraft:string":4,"alexsmobs:emu_feather":4,"minecraft:wheat_seeds":2,"minecraft:gold_nugget":4,"minecraft:stone_pickaxe":1,"minecraft:stick":4,"minecraft:sandstone":1,"minecraft:acacia_log":64,"minecraft:bowl":2,"minecraft:fire_charge":2,"minecraft:sandstone_wall":1,"minecraft:porkchop":5,"minecraft:skull_pottery_sherd":4,"minecraft:white_bed":5,"minecraft:spruce_log":4,"horror_element_mod:impaled_head":1,"alexsmobs:kangaroo_hide":2,"minecraft:rotten_flesh":28,"minecraft:light_blue_terracotta":1,"minecraft:decorated_pot":2,"alexsmobs:emu_egg":1,"minecraft:emerald":1,"minecraft:mutton":4,"minecraft:coal":20,"alexsmobs:kangaroo_meat":1,"minecraft:bone_block":64,"minecraft:cobblestone":22},"minecraft:used":{"minecraft:stone_pickaxe":85,"minecraft:ladder":3,"farmersdelight:golden_knife":29,"minecraft:light_blue_terracotta":1,"horror_element_mod:impaled_head":1,"minecraft:decorated_pot":2,"minecraft:iron_sword":36,"minecraft:wooden_pickaxe":26,"minecraft:sandstone":1,"minecraft:cut_sandstone":1,"minecraft:leather_boots":1,"minecraft:rotten_flesh":15,"minecraft:dirt":14,"minecraft:crafting_table":1,"minecraft:carrot":9,"minecraft:white_bed":4,"minecraft:golden_shovel":24,"minecraft:obsidian":2,"minecraft:bricks":1,"minecraft:suspicious_stew":1,"minecraft:stone_axe":94,"minecraft:fire_charge":2,"alexsmobs:animal_dictionary":2,"minecraft:cooked_beef":1},"minecraft:mined":{"horror_element_mod:spiked_body":2,"horror_element_mod:dead_experiment":2,"minecraft:cut_sandstone":1,"minecraft:acacia_leaves":12,"minecraft:white_bed":4,"horror_element_mod:dead_pig":1,"minecraft:acacia_log":65,"minecraft:grass_block":8,"minecraft:decorated_pot":3,"minecraft:tall_grass":1,"minecraft:sandstone":1,"horror_element_mod:impaled_head":1,"minecraft:light_blue_terracotta":1,"horror_element_mod:spiked_villager":1,"minecraft:spruce_log":4,"minecraft:grass":31,"minecraft:coal_ore":20,"minecraft:oak_log":10,"horror_element_mod:dead_cow":1,"minecraft:dirt":28,"minecraft:sandstone_wall":1,"minecraft:stone":22,"minecraft:bone_block":64,"minecraft:oak_leaves":2},"minecraft:custom":{"minecraft:interact_with_smithing_table":1,"minecraft:mob_kills":15,"minecraft:traded_with_villager":1,"minecraft:interact_with_crafting_table":3,"minecraft:time_since_death":64563,"minecraft:sleep_in_bed":3,"minecraft:climb_one_cm":1654,"minecraft:time_since_rest":4897,"minecraft:waystone_activated":1,"minecraft:sprint_one_cm":77892,"minecraft:damage_taken":330,"minecraft:walk_one_cm":169452,"minecraft:drop":27,"minecraft:damage_dealt":1922,"minecraft:swim_one_cm":55987,"minecraft:talked_to_villager":1,"minecraft:fly_one_cm":121064,"minecraft:open_chest":10,"minecraft:crouch_one_cm":7887,"minecraft:play_time":64563,"minecraft:sneak_time":2746,"minecraft:walk_under_water_one_cm":18828,"minecraft:jump":706,"minecraft:walk_on_water_one_cm":17792,"minecraft:total_world_time":64563,"minecraft:fall_one_cm":14132},"minecraft:dropped":{"minecraft:iron_ingot":1,"minecraft:iron_sword":1,"minecraft:wheat_seeds":2,"alexsmobs:gazelle_horn":2,"minecraft:mourner_pottery_sherd":2,"minecraft:bowl":3,"minecraft:cobblestone":16,"minecraft:golden_shovel":1,"alexsmobs:emu_egg":1,"minecraft:carrot":2,"minecraft:suspicious_stew":1,"minecraft:stick":4,"minecraft:emerald":1,"minecraft:sandstone_wall":1,"minecraft:shield":1,"minecraft:spruce_planks":1,"minecraft:mutton":1,"minecraft:fire_charge":2,"alexsmobs:emu_feather":4,"minecraft:stone_pickaxe":1,"minecraft:wooden_pickaxe":1,"minecraft:brick":1},"minecraft:killed":{"minecraft:pig":3,"alexsmobs:seagull":1,"alexsmobs:emu":4,"minecraft:sheep":1,"alexsmobs:maned_wolf":1,"alexsmobs:gazelle":3,"alexsmobs:fly":1,"alexsmobs:kangaroo":1},"minecraft:crafted":{"minecraft:oak_planks":40,"minecraft:crafting_table":1,"minecraft:spruce_planks":16,"minecraft:wooden_pickaxe":1,"minecraft:stone_axe":1,"alexsmobs:roadrunner_feather":2,"minecraft:leather":1,"minecraft:shield":2,"minecraft:stick":72,"minecraft:stone_pickaxe":1,"minecraft:bricks":1}},"DataVersion":3465}