{"stats":{"minecraft:picked_up":{"biomesoplenty:redwood_log":1,"minecraft:crafting_table":3,"minecraft:ladder":3,"minecraft:mourner_pottery_sherd":2,"minecraft:golden_shovel":1,"minecraft:brick":5,"alexsmobs:gazelle_horn":2,"minecraft:string":4,"minecraft:raw_copper":33,"alexsmobs:emu_feather":4,"minecraft:gold_nugget":4,"minecraft:furnace":2,"minecraft:raw_iron":1,"minecraft:stick":4,"minecraft:sandstone":1,"minecraft:acacia_log":64,"minecraft:torch":7,"minecraft:bowl":2,"minecraft:porkchop":8,"minecraft:fire_charge":2,"minecraft:sandstone_wall":1,"minecraft:skull_pottery_sherd":5,"horror_element_mod:impaled_head":1,"minecraft:arrow":2,"minecraft:rotten_flesh":40,"minecraft:decorated_pot":2,"alexsmobs:emu_egg":1,"minecraft:saddle":1,"minecraft:mutton":4,"alexsmobs:kangaroo_meat":1,"minecraft:bone_block":64,"minecraft:cobblestone":52,"minecraft:cooked_beef":1,"minecraft:andesite":2,"biomesoplenty:goldenrod":1,"minecraft:cut_sandstone":1,"minecraft:potato":1,"minecraft:oak_log":10,"minecraft:dirt":14,"minecraft:bone":3,"minecraft:wheat_seeds":2,"minecraft:stone_pickaxe":1,"minecraft:grass_block":1,"minecraft:white_bed":6,"minecraft:spruce_log":4,"minecraft:spider_eye":3,"alexsmobs:kangaroo_hide":2,"minecraft:light_blue_terracotta":1,"minecraft:iron_helmet":1,"minecraft:emerald":1,"minecraft:bread":20,"minecraft:baked_potato":9,"minecraft:coal":43},"minecraft:used":{"minecraft:ladder":3,"minecraft:light_blue_terracotta":1,"minecraft:decorated_pot":2,"minecraft:shield":41,"minecraft:iron_sword":79,"minecraft:rotten_flesh":17,"minecraft:torch":84,"minecraft:dirt":14,"minecraft:carrot":9,"minecraft:golden_shovel":24,"minecraft:acacia_button":1,"biomesoplenty:redwood_log":1,"minecraft:obsidian":2,"minecraft:bricks":1,"minecraft:iron_helmet":1,"minecraft:furnace":1,"minecraft:cooked_beef":1,"minecraft:potato":5,"minecraft:stone_pickaxe":132,"minecraft:baked_potato":3,"farmersdelight:golden_knife":29,"horror_element_mod:impaled_head":1,"minecraft:wooden_pickaxe":26,"minecraft:sandstone":1,"minecraft:cut_sandstone":1,"minecraft:leather_boots":1,"minecraft:crafting_table":3,"minecraft:white_bed":6,"minecraft:apple":3,"minecraft:bread":21,"alexsmobs:kangaroo_meat":1,"minecraft:suspicious_stew":1,"minecraft:stone_axe":95,"minecraft:fire_charge":2,"minecraft:cobblestone":2,"alexsmobs:animal_dictionary":2,"minecraft:bone_meal":2},"minecraft:mined":{"minecraft:white_bed":5,"minecraft:acacia_log":65,"minecraft:grass_block":9,"minecraft:decorated_pot":3,"minecraft:moss_block":1,"minecraft:sandstone":1,"minecraft:furnace":1,"biomesoplenty:redwood_log":1,"biomesoplenty:barley":45,"minecraft:stone":43,"minecraft:bone_block":64,"horror_element_mod:spiked_body":2,"minecraft:cut_sandstone":1,"horror_element_mod:dead_experiment":2,"minecraft:acacia_leaves":12,"farmersdelight:organic_compost":1,"horror_element_mod:dead_pig":1,"minecraft:crafting_table":1,"minecraft:copper_ore":10,"minecraft:tall_grass":1,"minecraft:cobblestone":2,"minecraft:wall_torch":2,"horror_element_mod:impaled_head":1,"minecraft:light_blue_terracotta":1,"horror_element_mod:spiked_villager":1,"minecraft:lilac":1,"minecraft:spruce_log":4,"minecraft:grass":38,"minecraft:coal_ore":32,"minecraft:oak_log":10,"horror_element_mod:dead_cow":1,"minecraft:dirt":28,"minecraft:sandstone_wall":1,"minecraft:oak_leaves":2},"minecraft:custom":{"minecraft:interact_with_smithing_table":1,"minecraft:mob_kills":25,"minecraft:interact_with_crafting_table":13,"minecraft:leave_game":1,"minecraft:time_since_death":123412,"minecraft:climb_one_cm":1654,"minecraft:sprint_one_cm":192493,"minecraft:walk_one_cm":337042,"minecraft:damage_blocked_by_shield":2460,"minecraft:drop":53,"minecraft:talked_to_villager":1,"minecraft:play_time":123412,"minecraft:sneak_time":4414,"minecraft:walk_under_water_one_cm":23489,"minecraft:jump":1703,"minecraft:walk_on_water_one_cm":21893,"minecraft:total_world_time":123412,"minecraft:interact_with_furnace":17,"minecraft:traded_with_villager":1,"minecraft:sleep_in_bed":6,"minecraft:time_since_rest":25155,"minecraft:waystone_activated":2,"minecraft:damage_taken":1648,"minecraft:damage_dealt":4297,"minecraft:swim_one_cm":61774,"minecraft:fly_one_cm":263392,"minecraft:open_chest":17,"minecraft:crouch_one_cm":13173,"minecraft:fall_one_cm":30612,"minecraft:horse_one_cm":45193},"minecraft:dropped":{"minecraft:iron_ingot":5,"minecraft:iron_sword":1,"minecraft:wheat_seeds":2,"minecraft:mourner_pottery_sherd":2,"minecraft:diamond":1,"minecraft:crafting_table":1,"minecraft:cobblestone":16,"minecraft:saddle":2,"minecraft:acacia_log":34,"minecraft:stick":4,"minecraft:emerald":10,"alexsmobs:roadrunner_feather":1,"mca:book_romance":1,"biomesoplenty:goldenrod":1,"minecraft:torch":16,"minecraft:mutton":1,"minecraft:fire_charge":2,"alexsmobs:emu_feather":4,"minecraft:gold_nugget":1,"minecraft:bone_block":64,"minecraft:string":5,"minecraft:skull_pottery_sherd":5,"minecraft:gold_ingot":5,"alexsmobs:gazelle_horn":2,"minecraft:raw_copper":56,"minecraft:bowl":3,"minecraft:golden_shovel":1,"alexsmobs:emu_egg":1,"minecraft:carrot":2,"minecraft:suspicious_stew":1,"minecraft:sandstone_wall":1,"minecraft:shield":1,"minecraft:gunpowder":8,"minecraft:spruce_planks":1,"farmersdelight:rope":5,"minecraft:spider_eye":3,"minecraft:stone_pickaxe":1,"minecraft:wooden_pickaxe":1,"minecraft:brick":1},"minecraft:broken":{"minecraft:stone_pickaxe":1},"minecraft:killed":{"alexsmobs:seagull":1,"minecraft:skeleton":4,"alexsmobs:kangaroo":1,"minecraft:pig":4,"minecraft:creeper":1,"alexsmobs:emu":4,"minecraft:sheep":1,"minecraft:zombie":4,"alexsmobs:maned_wolf":1,"alexsmobs:gazelle":3,"alexsmobs:fly":1},"minecraft:crafted":{"minecraft:oak_planks":40,"alexsmobs:roadrunner_feather":2,"alexsmobs:falconry_hood":1,"minecraft:leather":1,"minecraft:stone_pickaxe":1,"minecraft:bricks":1,"minecraft:crafting_table":2,"minecraft:spruce_planks":16,"minecraft:wooden_pickaxe":1,"minecraft:baked_potato":4,"minecraft:acacia_button":1,"minecraft:stone_axe":1,"minecraft:air":0,"minecraft:shield":3,"minecraft:stick":76,"minecraft:iron_ingot":2,"minecraft:gold_ingot":3,"minecraft:acacia_planks":16,"minecraft:torch":104}},"DataVersion":3465}