{"stats":{"minecraft:broken":{"toughasnails:leaf_chestplate":3,"toughasnails:water_canteen":9,"minecraft:shield":3,"minecraft:iron_pickaxe":4,"toughasnails:leaf_helmet":3,"toughasnails:leaf_boots":6,"minecraft:leather_leggings":1,"minecraft:golden_shovel":1,"minecraft:stone_pickaxe":1,"toughasnails:leaf_leggings":1},"minecraft:killed":{"minecraft:cave_spider":1,"alexsmobs:lobster":2,"minecraft:dolphin":1,"minecraft:skeleton":95,"alexsmobs:leafcutter_ant":11,"alexsmobs:straddler":5,"alexsmobs:centipede_head":10,"minecraft:cat":1,"minecraft:magma_cube":17,"alexsmobs:seal":1,"minecraft:iron_golem":2,"minecraft:pillager":2,"minecraft:zombie":108,"alexsmobs:cachalot_whale":4,"alexsmobs:maned_wolf":1,"minecraft:glow_squid":2,"mutantmonsters:mutant_creeper":1,"mca:male_zombie_villager":1,"alexsmobs:raccoon":1,"alexsmobs:seagull":1,"minecraft:enderman":5,"minecraft:zombified_piglin":3,"minecraft:witch":1,"minecraft:spider":12,"minecraft:piglin_brute":11,"alexsmobs:kangaroo":1,"minecraft:piglin":2,"minecraft:pig":4,"minecraft:creeper":83,"minecraft:sheep":1,"minecraft:ghast":3,"alexsmobs:fly":1,"minecraft:blaze":35,"minecraft:slime":15,"minecraft:phantom":10,"alexsmobs:bison":3,"minecraft:drowned":6,"alexsmobs:flying_fish":2,"minecraft:bat":8,"minecraft:hoglin":7,"alexsmobs:emu":4,"alexsmobs:cockroach":4,"alexsmobs:gazelle":3,"alexsmobs:crow":1,"minecraft:wither_skeleton":18},"minecraft:dropped":{"sophisticatedbackpacks:iron_backpack":1,"minecraft:iron_sword":2,"minecraft:lapis_lazuli":13,"minecraft:glow_ink_sac":3,"minecraft:glass_bottle":3,"minecraft:diamond":15,"minecraft:crafting_table":1,"minecraft:crossbow":1,"farmersdelight:cooked_bacon":4,"toughasnails:wool_boots":1,"minecraft:saddle":2,"minecraft:emerald":13,"sophisticatedbackpacks:gold_backpack":2,"minecraft:gold_block":8,"minecraft:dirt":1,"alexsmobs:roadrunner_feather":1,"alexsmobs:flying_fish":1,"alexsmobs:emu_feather":4,"minecraft:gold_nugget":4,"minecraft:bone_block":64,"minecraft:phantom_membrane":3,"minecraft:bone":2,"minecraft:tropical_fish_bucket":1,"minecraft:stone_axe":1,"alexsmobs:gazelle_horn":2,"minecraft:iron_nugget":7,"minecraft:golden_chestplate":3,"alexsmobs:animal_dictionary":1,"minecraft:nether_brick":3,"minecraft:rotten_flesh":33,"gunscraft:assault_rifle_ammo_provider":1,"minecraft:oak_planks":3,"minecraft:golden_shovel":1,"alexsmobs:emu_egg":1,"biomesoplenty:glowing_moss_carpet":1,"minecraft:jungle_log":1,"minecraft:leather_boots":6,"minecraft:leather_leggings":1,"farmersdelight:rope":5,"minecraft:beef":1,"minecraft:crying_obsidian":6,"minecraft:iron_ingot":13,"minecraft:wheat_seeds":22,"minecraft:mourner_pottery_sherd":2,"minecraft:polished_blackstone":3,"minecraft:iron_helmet":2,"minecraft:cobblestone":61,"minecraft:stripped_jungle_log":2,"minecraft:coal":8,"gunscraft:cash":1,"biomesoplenty:goldenrod":1,"minecraft:ink_sac":3,"minecraft:diamond_helmet":3,"minecraft:potion":12,"aquaculture:jellyfish":2,"minecraft:white_banner":1,"minecraft:mud":1,"toughasnails:leaf_leggings":4,"minecraft:string":9,"minecraft:acacia_planks":1,"minecraft:skull_pottery_sherd":5,"toughasnails:empty_canteen":2,"minecraft:stone_sword":1,"minecraft:bowl":3,"minecraft:slime_block":1,"minecraft:suspicious_stew":1,"minecraft:diamond_sword":2,"minecraft:spruce_planks":1,"gunscraft:shotgun_ammo_provider":1,"minecraft:diamond_pickaxe":3,"gunscraft:pistol_9mm":5,"minecraft:spider_eye":9,"toughasnails:wool_leggings":1,"minecraft:bow":6,"mutantmonsters:mutant_skeleton_rib":2,"minecraft:oak_log":7,"mca:bouquet":2,"minecraft:leather":3,"alexsmobs:bison_fur":4,"minecraft:cracked_polished_blackstone_bricks":1,"minecraft:mutton":3,"gunscraft:m82a1":3,"minecraft:glistering_melon_slice":1,"minecraft:gold_ingot":40,"minecraft:gravel":24,"mutantmonsters:mutant_skeleton_pelvis":1,"minecraft:carrot":6,"sophisticatedbackpacks:diamond_backpack":1,"minecraft:chainmail_chestplate":2,"minecraft:sandstone_wall":1,"minecraft:leather_chestplate":2,"minecraft:gunpowder":9,"minecraft:skeleton_skull":1,"minecraft:arrow":1,"minecraft:quartz":8,"alexsmobs:lava_bottle":2,"minecraft:bread":5,"minecraft:golden_helmet":1,"gunscraft:m870":2,"minecraft:poisonous_potato":11,"minecraft:amethyst_block":4,"minecraft:acacia_log":34,"minecraft:stick":4,"mca:book_romance":1,"minecraft:nether_gold_ore":9,"gunscraft:pistol_ammo_provider":9,"minecraft:torch":26,"toughasnails:leaf_boots":4,"minecraft:fire_charge":3,"toughasnails:leaf_helmet":1,"farmersdelight:rotten_tomato":1,"minecraft:kelp":9,"toughasnails:leaf_chestplate":6,"minecraft:raw_copper":62,"minecraft:raw_iron":1,"minecraft:wither_skeleton_skull":1,"minecraft:filled_map":3,"minecraft:shield":2,"alexsmobs:lobster_tail":2,"minecraft:iron_chestplate":1,"minecraft:andesite":1,"minecraft:golden_leggings":1,"minecraft:golden_sword":1,"minecraft:stone_pickaxe":2,"minecraft:wooden_pickaxe":1,"minecraft:calcite":2,"minecraft:brick":1},"minecraft:picked_up":{"minecraft:seagrass":2,"minecraft:iron_chestplate":5,"minecraft:diamond_sword":2,"gunscraft:pistol_ammo_provider":26,"minecraft:enchanted_book":1,"minecraft:golden_shovel":4,"minecraft:brewing_stand":1,"minecraft:golden_sword":11,"minecraft:amethyst_block":5,"minecraft:polished_blackstone_brick_stairs":27,"minecraft:string":47,"minecraft:cooked_salmon":10,"minecraft:red_nether_bricks":3,"alexsmobs:emu_feather":4,"minecraft:gold_nugget":180,"minecraft:cobbled_deepslate":284,"minecraft:horn_coral_block":150,"toughasnails:leaf_boots":11,"minecraft:enchanted_golden_apple":1,"toughasnails:wool_helmet":1,"minecraft:melon_slice":93,"gunscraft:suppressor":1,"minecraft:golden_helmet":11,"minecraft:polished_blackstone_brick_slab":10,"minecraft:acacia_log":162,"minecraft:sandstone_wall":1,"minecraft:golden_chestplate":2,"alexsmobs:centipede_leg":10,"minecraft:cauldron":23,"mutantmonsters:mutant_skeleton_pelvis":1,"farmersdelight:onion":2,"minecraft:iron_block":2,"minecraft:blaze_rod":34,"minecraft:iron_bars":1,"alexsmobs:flying_fish":6,"alexsmobs:lobster_tail":2,"minecraft:cooked_beef":1,"minecraft:water_bucket":12,"minecraft:jungle_log":1,"farmersdelight:safety_net":5,"alexsmobs:bison_fur":4,"minecraft:flint":4,"farmersdelight:cooked_bacon":18,"minecraft:diamond_helmet":5,"aquaculture:jellyfish":2,"enchantmentmachine:enchanter_block":3,"sophisticatedbackpacks:iron_backpack":14,"minecraft:ink_sac":7,"alexsmobs:animal_dictionary":5,"gunscraft:m82a1":16,"alexsmobs:kangaroo_hide":2,"toughasnails:water_canteen":7,"minecraft:granite":43,"gunscraft:shotgun_ammo_provider":16,"minecraft:bread":185,"minecraft:diamond_pickaxe":12,"biomesoplenty:redwood_log":1,"sophisticatedbackpacks:gold_backpack":30,"minecraft:mud":1,"minecraft:crafting_table":17,"minecraft:purple_wool":39,"minecraft:nether_wart":16,"minecraft:leather_leggings":3,"minecraft:mourner_pottery_sherd":2,"alexsmobs:pigshoes":1,"minecraft:flint_and_steel":8,"minecraft:beef":14,"aquaculture:diamond_fishing_rod":2,"minecraft:poppy":1,"minecraft:iron_nugget":27,"minecraft:chest":4,"minecraft:sandstone":1,"enchantmentmachine:enchantment_block":4,"gunscraft:big_cal_ammo_provider":15,"alexsmobs:straddlite":4,"minecraft:fire_charge":38,"farmersdelight:tomato_seeds":31,"minecraft:skull_pottery_sherd":5,"minecraft:carrot":58,"minecraft:redstone":38,"horror_element_mod:impaled_head":1,"gunscraft:mini_m249":1,"minecraft:decorated_pot":5,"minecraft:shears":1,"minecraft:hay_block":5,"gunscraft:sniper_scope":1,"minecraft:gold_ingot":7,"minecraft:polished_blackstone":11,"minecraft:mutton":16,"alexsmobs:kangaroo_meat":1,"minecraft:bone_block":64,"minecraft:jungle_fence":4,"minecraft:red_mushroom":1,"minecraft:filled_map":4,"minecraft:oak_log":49,"minecraft:golden_boots":9,"farmersdelight:skillet":1,"minecraft:paper":32,"minecraft:white_banner":2,"biomesoplenty:glowing_moss_carpet":8,"minecraft:apple":1,"minecraft:kelp":9,"minecraft:stone_pickaxe":1,"minecraft:glass_bottle":47,"minecraft:iron_sword":27,"minecraft:dark_oak_stairs":1,"toughasnails:leaf_chestplate":16,"minecraft:smooth_basalt":1,"gunscraft:assault_rifle_ammo_provider":1,"alexsmobs:falconry_hood":4,"minecraft:red_wool":2,"minecraft:gravel":82,"minecraft:spruce_log":4,"minecraft:crying_obsidian":9,"biomesoplenty:mahogany_log":2,"minecraft:slime_ball":18,"minecraft:stone_axe":7,"minecraft:polished_blackstone_brick_wall":30,"minecraft:lodestone":2,"minecraft:baked_potato":301,"minecraft:ender_pearl":6,"toughasnails:leaf_leggings":2,"aquaculture:synodontis":4,"enchantmentmachine:disenchanter_block":3,"minecraft:potion":44,"minecraft:nether_brick":19,"minecraft:gilded_blackstone":33,"alexsmobs:gazelle_horn":2,"minecraft:raw_copper":101,"minecraft:iron_leggings":13,"minecraft:bucket":3,"minecraft:calcite":2,"minecraft:iron_pickaxe":18,"alexsmobs:leafcutter_ant_chamber":1,"minecraft:iron_boots":3,"minecraft:furnace":8,"minecraft:tipped_arrow":1,"minecraft:stick":109,"farmersdelight:rotten_tomato":2,"minecraft:torch":410,"minecraft:porkchop":103,"minecraft:diorite":11,"minecraft:nether_gold_ore":9,"minecraft:rotten_flesh":256,"gunscraft:laser_sight":1,"alexsmobs:emu_egg":1,"minecraft:obsidian":2,"minecraft:cod":2,"minecraft:cobblestone":930,"minecraft:leather_chestplate":2,"minecraft:magma_cream":1,"minecraft:andesite":4,"minecraft:golden_leggings":10,"biomesoplenty:glowshroom":22,"minecraft:potato":443,"toughasnails:leaf_helmet":8,"minecraft:tuff":32,"minecraft:wither_skeleton_skull":1,"minecraft:dirt":253,"minecraft:lapis_lazuli":194,"gunscraft:cash":4,"minecraft:leather_boots":9,"minecraft:glass":3,"minecraft:bone":111,"minecraft:acacia_planks":5,"farmersdelight:iron_knife":1,"minecraft:bow":29,"minecraft:wheat_seeds":22,"minecraft:raw_gold":12,"minecraft:oak_planks":2,"minecraft:stone_hoe":12,"aquaculture:atlantic_herring":1,"minecraft:ghast_tear":1,"minecraft:cooked_porkchop":73,"minecraft:poisonous_potato":14,"minecraft:sand":143,"minecraft:grass_block":3,"minecraft:spectral_arrow":10,"gunscraft:m870":19,"minecraft:light_blue_terracotta":1,"minecraft:diamond":23,"minecraft:slime_block":5,"waystones:waystone":1,"minecraft:cracked_polished_blackstone_bricks":15,"minecraft:crossbow":1,"minecraft:bone_meal":390,"minecraft:emerald":9,"biomesoplenty:pink_daffodil":5,"minecraft:netherrack":240,"minecraft:oak_leaves":289,"mca:bouquet":1,"minecraft:fishing_rod":1,"minecraft:splash_potion":2,"minecraft:ladder":3,"minecraft:gold_block":9,"minecraft:brick":5,"minecraft:shield":17,"toughasnails:wool_boots":1,"minecraft:iron_axe":6,"minecraft:magenta_wool":28,"minecraft:blackstone":307,"minecraft:oak_boat":3,"minecraft:sugar_cane":85,"farmersdelight:golden_knife":10,"minecraft:phantom_membrane":7,"minecraft:raw_iron":218,"minecraft:bowl":2,"minecraft:polished_blackstone_bricks":50,"minecraft:cookie":7,"alexsmobs:leafcutter_ant_pupa":1,"minecraft:iron_horse_armor":5,"minecraft:dark_oak_planks":1,"toughasnails:empty_canteen":10,"minecraft:arrow":130,"minecraft:jungle_stairs":4,"minecraft:nether_bricks":6,"k_turrets:raw_titanium":7,"gunscraft:pistol_exp_mag":1,"mutantmonsters:mutant_skeleton_rib":2,"minecraft:saddle":1,"minecraft:skeleton_skull":2,"minecraft:basalt":8,"minecraft:glow_ink_sac":3,"minecraft:salmon":1,"minecraft:cut_sandstone":1,"biomesoplenty:goldenrod":1,"minecraft:leather":23,"minecraft:chainmail_chestplate":10,"gunscraft:pistol_9mm":9,"minecraft:gunpowder":36,"minecraft:iron_ingot":44,"minecraft:soul_sand":16,"sophisticatedbackpacks:diamond_backpack":1,"minecraft:book":131,"minecraft:tropical_fish_bucket":1,"minecraft:quartz":11,"minecraft:raw_iron_block":2,"minecraft:lava_bucket":1,"minecraft:amethyst_shard":8,"gunscraft:holographic":1,"alexsmobs:lava_bottle":3,"minecraft:white_bed":7,"biomesoplenty:glowing_moss_block":10,"minecraft:spider_eye":26,"minecraft:stripped_jungle_log":2,"minecraft:dried_kelp_block":1,"gunscraft:m1911":7,"xpbook:xp_tome":3,"minecraft:iron_helmet":8,"minecraft:coal":399},"minecraft:mined":{"minecraft:dark_oak_planks":1,"minecraft:white_bed":6,"alexsmobs:leafcutter_anthill":1,"minecraft:jungle_leaves":1,"minecraft:red_nether_bricks":4,"minecraft:granite":35,"minecraft:acacia_log":65,"minecraft:nether_wart":6,"minecraft:spawner":8,"minecraft:polished_blackstone_bricks":48,"minecraft:tall_seagrass":6,"minecraft:cobbled_deepslate":36,"minecraft:fire":60,"minecraft:deepslate_lapis_ore":17,"biomesoplenty:glowshroom_block":2,"biomesoplenty:redwood_log":1,"minecraft:small_amethyst_bud":2,"minecraft:iron_block":2,"horror_element_mod:spiked_body":2,"minecraft:cut_sandstone":1,"horror_element_mod:dead_pig":1,"minecraft:kelp_plant":4,"biomesoplenty:glowworm_silk":1,"minecraft:soul_fire":1,"minecraft:amethyst_cluster":11,"minecraft:torch":7,"biomesoplenty:black_sandstone":1,"minecraft:melon":10,"minecraft:sugar_cane":64,"minecraft:amethyst_block":4,"minecraft:mud":3,"minecraft:lilac":1,"minecraft:grass":178,"horror_element_mod:dead_cow":1,"minecraft:sandstone_wall":1,"minecraft:deepslate":205,"minecraft:nether_bricks":6,"minecraft:redstone_wire":3,"minecraft:moss_block":2,"minecraft:kelp":1,"minecraft:andesite":4,"minecraft:potatoes":103,"biomesoplenty:high_grass":107,"biomesoplenty:barley":45,"minecraft:bone_block":64,"minecraft:glass_pane":2,"minecraft:soul_sand":5,"biomesoplenty:black_sand":4,"minecraft:polished_blackstone_brick_wall":17,"enchantmentmachine:disenchanter_block":3,"biomesoplenty:high_grass_plant":195,"minecraft:tall_grass":19,"minecraft:copper_ore":11,"minecraft:deepslate_gold_ore":12,"minecraft:diorite":14,"minecraft:purple_wool":30,"minecraft:spruce_log":4,"minecraft:jungle_fence":3,"minecraft:gravel":1,"minecraft:cobweb":39,"minecraft:polished_blackstone":11,"minecraft:gold_ore":2,"minecraft:fern":12,"biomesoplenty:glowshroom":16,"minecraft:brewing_stand":1,"minecraft:budding_amethyst":1,"minecraft:grass_block":47,"minecraft:cracked_polished_blackstone_bricks":12,"minecraft:polished_blackstone_brick_slab":9,"minecraft:gilded_blackstone":28,"minecraft:raw_iron_block":2,"minecraft:iron_ore":87,"minecraft:dark_oak_stairs":2,"enchantmentmachine:enchanter_block":3,"minecraft:skeleton_wall_skull":1,"minecraft:iron_bars":2,"minecraft:deepslate_redstone_ore":14,"horror_element_mod:dead_experiment":2,"minecraft:blackstone":84,"farmersdelight:organic_compost":1,"minecraft:jungle_stairs":6,"minecraft:chest":2,"farmersdelight:safety_net":4,"minecraft:mushroom_stem":1,"minecraft:nether_quartz_ore":1,"minecraft:cobblestone":33,"minecraft:slime_block":2,"minecraft:wall_torch":13,"minecraft:cauldron":10,"minecraft:deepslate_copper_ore":2,"minecraft:seagrass":8,"minecraft:light_blue_terracotta":1,"horror_element_mod:spiked_villager":1,"minecraft:lava_cauldron":1,"minecraft:oak_log":52,"minecraft:sand":58,"minecraft:dirt":45,"minecraft:wither_skeleton_skull":1,"minecraft:netherrack":113,"minecraft:oak_leaves":220,"minecraft:magenta_wool":30,"biomesoplenty:glowing_moss_block":2,"minecraft:nether_gold_ore":39,"minecraft:diamond_ore":2,"minecraft:tuff":22,"minecraft:deepslate_diamond_ore":13,"minecraft:glow_lichen":4,"biomesoplenty:bush":5,"minecraft:decorated_pot":10,"minecraft:sandstone":1,"minecraft:hay_block":5,"minecraft:furnace":6,"minecraft:carrots":3,"minecraft:gold_block":16,"minecraft:bookshelf":40,"minecraft:deepslate_iron_ore":146,"minecraft:stone":343,"minecraft:acacia_leaves":12,"minecraft:basalt":1,"minecraft:crafting_table":13,"biomesoplenty:sprout":14,"minecraft:lapis_ore":23,"minecraft:polished_blackstone_brick_stairs":13,"minecraft:sculk":35,"horror_element_mod:impaled_head":1,"biomesoplenty:mahogany_log":2,"k_turrets:deepslate_titanium_ore":2,"biomesoplenty:pink_daffodil":5,"minecraft:white_wall_banner":1,"k_turrets:titanium_ore":5,"minecraft:coal_ore":207,"minecraft:lodestone":2},"minecraft:used":{"minecraft:ladder":3,"minecraft:chest":3,"minecraft:rotten_flesh":19,"minecraft:soul_sand":10,"aquaculture:synodontis":4,"minecraft:acacia_button":1,"minecraft:lava_bucket":5,"minecraft:grass_block":1,"farmersdelight:rotten_tomato":1,"minecraft:bow":23,"minecraft:furnace":17,"minecraft:potato":155,"minecraft:diorite":11,"minecraft:leather_leggings":1,"aquaculture:atlantic_herring":1,"minecraft:blackstone":108,"minecraft:wooden_pickaxe":26,"minecraft:cookie":36,"minecraft:sand":3,"biomesoplenty:glowing_moss_carpet":7,"minecraft:fire_charge":3,"minecraft:oak_boat":3,"alexsmobs:leafcutter_ant_chamber":1,"minecraft:purple_wool":13,"minecraft:polished_blackstone_brick_slab":1,"minecraft:iron_bars":1,"toughasnails:leaf_boots":4,"minecraft:cooked_salmon":1,"minecraft:netherrack":96,"minecraft:torch":618,"minecraft:brewing_stand":1,"minecraft:chainmail_chestplate":2,"minecraft:golden_shovel":56,"minecraft:slime_block":2,"minecraft:smooth_basalt":1,"minecraft:basalt":2,"minecraft:magenta_wool":3,"enchantmentmachine:enchantment_block":4,"farmersdelight:tomato_seeds":3,"minecraft:cobbled_deepslate":177,"minecraft:water_bucket":143,"farmersdelight:golden_knife":39,"minecraft:cauldron":10,"minecraft:leather_boots":2,"minecraft:polished_blackstone_bricks":21,"minecraft:gilded_blackstone":2,"minecraft:crafting_table":21,"minecraft:white_bed":7,"alexsmobs:leafcutter_ant_pupa":1,"alexsmobs:flying_fish":4,"minecraft:diamond_pickaxe":497,"minecraft:suspicious_stew":1,"minecraft:iron_pickaxe":1053,"alexsmobs:kangaroo_meat":1,"toughasnails:leaf_chestplate":3,"farmersdelight:cooked_bacon":1,"minecraft:cobblestone":218,"minecraft:potion":186,"minecraft:cooked_porkchop":8,"minecraft:polished_deepslate":12,"minecraft:decorated_pot":2,"minecraft:shield":179,"minecraft:iron_sword":243,"minecraft:nether_wart":4,"minecraft:iron_chestplate":3,"enchantmentmachine:enchanter_block":3,"minecraft:nether_bricks":2,"minecraft:carrot":21,"minecraft:tuff":16,"minecraft:obsidian":2,"minecraft:bricks":1,"minecraft:iron_helmet":5,"aquaculture:diamond_fishing_rod":7,"minecraft:golden_sword":1,"farmersdelight:safety_net":4,"minecraft:skeleton_skull":1,"minecraft:stone_pickaxe":224,"horror_element_mod:impaled_head":1,"minecraft:sandstone":1,"minecraft:sugar_cane":29,"toughasnails:water_canteen":270,"biomesoplenty:mahogany_door":3,"minecraft:shears":265,"waystones:waystone":1,"minecraft:bread":52,"minecraft:melon_slice":31,"enchantmentmachine:disenchanter_block":3,"minecraft:gravel":1,"minecraft:golden_helmet":1,"minecraft:andesite":3,"minecraft:air":2,"minecraft:tropical_fish_bucket":3,"minecraft:bone_meal":512,"minecraft:flint_and_steel":2,"minecraft:redstone":18,"biomesoplenty:glowing_moss_block":10,"minecraft:light_blue_terracotta":1,"biomesoplenty:glowshroom":4,"minecraft:stone_hoe":45,"minecraft:dirt":80,"toughasnails:empty_canteen":10,"minecraft:diamond_helmet":2,"minecraft:granite":19,"biomesoplenty:redwood_log":1,"minecraft:dark_oak_planks":1,"aquaculture:iron_fishing_rod":4,"minecraft:polished_blackstone_brick_stairs":12,"minecraft:golden_carrot":3,"minecraft:cooked_beef":8,"minecraft:iron_leggings":3,"minecraft:brain_coral_block":4,"toughasnails:leaf_leggings":2,"minecraft:amethyst_block":1,"minecraft:lodestone":2,"minecraft:glass_bottle":202,"minecraft:baked_potato":131,"minecraft:red_nether_bricks":2,"minecraft:cut_sandstone":1,"aquaculture:synodontis_bucket":2,"minecraft:red_mushroom":1,"minecraft:smoker":3,"minecraft:apple":5,"minecraft:cracked_polished_blackstone_bricks":6,"minecraft:jungle_stairs":4,"minecraft:golden_leggings":4,"minecraft:stone_axe":227,"minecraft:fishing_rod":2,"minecraft:white_banner":1,"minecraft:bucket":159,"alexsmobs:animal_dictionary":2,"minecraft:splash_potion":2},"minecraft:custom":{"minecraft:interact_with_crafting_table":106,"minecraft:open_barrel":45,"minecraft:bell_ring":15,"minecraft:leave_game":16,"minecraft:time_since_death":32639,"minecraft:damage_blocked_by_shield":8753,"minecraft:play_time":1140395,"minecraft:deaths":44,"minecraft:jump":14842,"minecraft:enchant_item":4,"minecraft:interact_with_furnace":202,"minecraft:traded_with_villager":1,"minecraft:sleep_in_bed":12,"minecraft:waystone_activated":6,"minecraft:damage_dealt":10974,"minecraft:interact_with_smoker":57,"minecraft:use_cauldron":19,"minecraft:horse_one_cm":45193,"minecraft:interact_with_smithing_table":1,"minecraft:inspect_hopper":10,"minecraft:damage_dealt_absorbed":14421,"minecraft:sneak_time":59403,"minecraft:total_world_time":1140395,"minecraft:time_since_rest":33608,"minecraft:swim_one_cm":515567,"minecraft:fly_one_cm":1864439,"minecraft:open_chest":233,"minecraft:fish_caught":6,"minecraft:fall_one_cm":260220,"minecraft:sprint_one_cm":1794728,"minecraft:drop":352,"minecraft:talked_to_villager":1,"minecraft:interact_with_brewingstand":1,"minecraft:walk_on_water_one_cm":198570,"minecraft:player_kills":6,"minecraft:crouch_one_cm":191921,"minecraft:mob_kills":514,"minecraft:fill_cauldron":6,"minecraft:damage_dealt_resisted":74239,"minecraft:climb_one_cm":4611,"minecraft:walk_one_cm":3244285,"minecraft:walk_under_water_one_cm":250448,"minecraft:boat_one_cm":275959,"minecraft:damage_taken":22347,"minecraft:damage_absorbed":39},"minecraft:crafted":{"minecraft:slime_block":1,"sophisticatedbackpacks:crafting_upgrade":1,"alexsmobs:roadrunner_feather":2,"sophisticatedbackpacks:copper_backpack":2,"minecraft:glass_bottle":3,"minecraft:cooked_porkchop":29,"minecraft:copper_ingot":14,"toughasnails:wool_leggings":1,"minecraft:iron_pickaxe":5,"minecraft:iron_block":1,"minecraft:gold_ingot":32,"farmersdelight:cooked_bacon":5,"mca:bouquet":1,"minecraft:bone_meal":120,"alexsmobs:falconry_hood":1,"minecraft:stone_pickaxe":2,"minecraft:coal_block":5,"toughasnails:wool_helmet":1,"aquaculture:diamond_fishing_rod":1,"sophisticatedbackpacks:gold_backpack":1,"toughasnails:wool_boots":2,"minecraft:iron_leggings":1,"minecraft:oak_planks":112,"toughasnails:leaf_leggings":3,"farmersdelight:safety_net":1,"minecraft:iron_boots":1,"minecraft:chest":5,"toughasnails:leaf_helmet":3,"minecraft:bricks":1,"minecraft:stone_hoe":1,"minecraft:raw_iron_block":21,"minecraft:smoker":3,"toughasnails:leaf_boots":6,"sophisticatedbackpacks:backpack":3,"minecraft:crafting_table":6,"minecraft:spruce_planks":16,"minecraft:baked_potato":167,"minecraft:wooden_pickaxe":1,"minecraft:iron_helmet":1,"minecraft:acacia_button":1,"sophisticatedbackpacks:upgrade_base":1,"minecraft:iron_chestplate":1,"minecraft:diamond_pickaxe":1,"minecraft:shield":6,"minecraft:stick":160,"minecraft:iron_ingot":81,"xpbook:xp_tome":1,"aquaculture:iron_fishing_rod":1,"minecraft:shears":2,"minecraft:raw_iron":45,"biomesoplenty:mahogany_planks":8,"minecraft:furnace":12,"minecraft:leather":1,"minecraft:polished_deepslate":12,"minecraft:iron_axe":1,"sophisticatedbackpacks:iron_backpack":2,"minecraft:cooked_beef":7,"toughasnails:leaf_chestplate":5,"minecraft:bucket":6,"minecraft:stone_axe":2,"minecraft:air":0,"minecraft:blue_dye":1,"minecraft:oak_boat":1,"biomesoplenty:mahogany_door":3,"minecraft:acacia_planks":88,"minecraft:torch":432},"minecraft:killed_by":{"minecraft:piglin_brute":2,"alexsmobs:straddler":2,"minecraft:zombie":7,"minecraft:zombified_piglin":1,"minecraft:wither_skeleton":11,"minecraft:creeper":4,"minecraft:piglin":1,"minecraft:blaze":5,"minecraft:player":1,"minecraft:skeleton":3}},"DataVersion":3465}