{"stats":{"minecraft:crafted":{"minecraft:oak_planks":24,"minecraft:crafting_table":2,"minecraft:stick":8,"minecraft:wooden_pickaxe":1,"minecraft:stone_pickaxe":1,"minecraft:dark_oak_planks":32,"minecraft:stone_axe":1},"minecraft:used":{"minecraft:beetroot":2,"minecraft:stone_pickaxe":45,"minecraft:wooden_pickaxe":3,"biomesoplenty:toadstool":1,"minecraft:stone_axe":13,"minecraft:dirt":4,"minecraft:crafting_table":2},"minecraft:picked_up":{"biomesoplenty:toadstool":1,"minecraft:crafting_table":1,"minecraft:gravel":5,"minecraft:oak_log":6,"minecraft:dark_oak_log":8,"minecraft:dirt":13,"minecraft:beetroot":2,"minecraft:beetroot_seeds":15,"minecraft:sugar_cane":3,"minecraft:cobblestone":48},"minecraft:mined":{"biomesoplenty:orange_autumn_leaves":3,"farmersdelight:wild_beetroots":15,"farmersdelight:sandy_shrub":7,"biomesoplenty:toadstool":1,"minecraft:dark_oak_log":8,"biomesoplenty:maple_leaves":1,"minecraft:crafting_table":2,"minecraft:grass":7,"minecraft:grass_block":2,"minecraft:oak_log":6,"minecraft:rose_bush":1,"minecraft:sunflower":1,"minecraft:gravel":5,"minecraft:dirt":11,"biomesoplenty:sprout":2,"minecraft:stone":48,"minecraft:sugar_cane":1},"minecraft:custom":{"minecraft:time_since_rest":11525,"minecraft:sprint_one_cm":31607,"minecraft:walk_one_cm":29699,"minecraft:damage_taken":120,"minecraft:damage_dealt":53,"minecraft:interact_with_crafting_table":5,"minecraft:swim_one_cm":3354,"minecraft:fly_one_cm":35626,"minecraft:crouch_one_cm":3490,"minecraft:play_time":11525,"minecraft:sneak_time":788,"minecraft:walk_under_water_one_cm":2013,"minecraft:jump":169,"minecraft:walk_on_water_one_cm":2286,"minecraft:time_since_death":11525,"minecraft:total_world_time":11525,"minecraft:fall_one_cm":3309}},"DataVersion":3465}