{"stats":{"minecraft:picked_up":{"biomesoplenty:redwood_log":1,"minecraft:crafting_table":5,"minecraft:iron_chestplate":2,"aquaculture:synodontis":2,"minecraft:ladder":3,"minecraft:mourner_pottery_sherd":2,"minecraft:golden_shovel":1,"minecraft:shield":5,"minecraft:golden_sword":4,"minecraft:brick":5,"alexsmobs:gazelle_horn":2,"minecraft:string":6,"minecraft:raw_copper":38,"minecraft:flint_and_steel":4,"alexsmobs:emu_feather":4,"minecraft:gold_nugget":4,"minecraft:iron_pickaxe":5,"minecraft:iron_nugget":25,"farmersdelight:golden_knife":5,"minecraft:furnace":4,"minecraft:stick":102,"minecraft:raw_iron":1,"minecraft:sandstone":1,"farmersdelight:rotten_tomato":2,"minecraft:acacia_log":162,"minecraft:torch":88,"minecraft:bowl":2,"minecraft:fire_charge":2,"minecraft:sandstone_wall":1,"minecraft:porkchop":40,"farmersdelight:tomato_seeds":31,"minecraft:skull_pottery_sherd":5,"minecraft:diorite":11,"horror_element_mod:impaled_head":1,"minecraft:arrow":10,"minecraft:rotten_flesh":150,"minecraft:decorated_pot":2,"alexsmobs:emu_egg":1,"minecraft:saddle":1,"minecraft:mutton":14,"alexsmobs:kangaroo_meat":1,"minecraft:bone_block":64,"minecraft:cobblestone":578,"minecraft:cooked_beef":1,"minecraft:andesite":3,"minecraft:leather":12,"biomesoplenty:goldenrod":1,"minecraft:cut_sandstone":1,"minecraft:potato":110,"minecraft:flint":4,"minecraft:oak_log":10,"minecraft:lapis_lazuli":36,"minecraft:paper":10,"minecraft:dirt":118,"minecraft:leather_boots":4,"minecraft:bone":7,"minecraft:acacia_planks":4,"minecraft:bow":5,"minecraft:wheat_seeds":3,"minecraft:iron_ingot":1,"minecraft:stone_pickaxe":1,"minecraft:stone_hoe":3,"minecraft:iron_sword":5,"alexsmobs:falconry_hood":4,"minecraft:poisonous_potato":6,"minecraft:grass_block":2,"minecraft:white_bed":6,"minecraft:spruce_log":4,"alexsmobs:animal_dictionary":5,"minecraft:spider_eye":16,"alexsmobs:kangaroo_hide":2,"minecraft:light_blue_terracotta":1,"minecraft:stone_axe":3,"minecraft:iron_helmet":6,"minecraft:granite":19,"minecraft:bone_meal":318,"minecraft:emerald":1,"minecraft:bread":52,"minecraft:baked_potato":164,"minecraft:coal":240},"minecraft:used":{"minecraft:ladder":3,"minecraft:light_blue_terracotta":1,"minecraft:decorated_pot":2,"minecraft:shield":63,"minecraft:iron_sword":114,"minecraft:stone_hoe":24,"minecraft:rotten_flesh":19,"minecraft:iron_chestplate":1,"minecraft:torch":157,"minecraft:dirt":20,"minecraft:carrot":9,"aquaculture:synodontis":2,"minecraft:golden_shovel":24,"minecraft:acacia_button":1,"minecraft:granite":19,"minecraft:obsidian":2,"biomesoplenty:redwood_log":1,"minecraft:bricks":1,"minecraft:grass_block":1,"farmersdelight:rotten_tomato":1,"minecraft:iron_helmet":2,"minecraft:golden_sword":1,"minecraft:furnace":5,"minecraft:cooked_beef":1,"minecraft:potato":59,"farmersdelight:tomato_seeds":3,"minecraft:diorite":10,"minecraft:stone_pickaxe":132,"minecraft:baked_potato":13,"farmersdelight:golden_knife":38,"horror_element_mod:impaled_head":1,"minecraft:wooden_pickaxe":26,"minecraft:sandstone":1,"minecraft:cut_sandstone":1,"minecraft:leather_boots":2,"minecraft:crafting_table":6,"minecraft:white_bed":6,"minecraft:smoker":2,"minecraft:apple":3,"minecraft:bread":28,"alexsmobs:kangaroo_meat":1,"minecraft:suspicious_stew":1,"minecraft:iron_pickaxe":202,"minecraft:stone_axe":96,"minecraft:fire_charge":2,"minecraft:cobblestone":39,"minecraft:andesite":3,"alexsmobs:animal_dictionary":2,"minecraft:bone_meal":332},"minecraft:mined":{"minecraft:white_bed":5,"minecraft:granite":14,"minecraft:acacia_log":65,"minecraft:grass_block":10,"minecraft:decorated_pot":3,"minecraft:moss_block":1,"minecraft:sandstone":1,"minecraft:furnace":3,"minecraft:potatoes":28,"biomesoplenty:redwood_log":1,"biomesoplenty:barley":45,"minecraft:stone":135,"minecraft:bone_block":64,"horror_element_mod:spiked_body":2,"horror_element_mod:dead_experiment":2,"minecraft:cut_sandstone":1,"minecraft:acacia_leaves":12,"farmersdelight:organic_compost":1,"horror_element_mod:dead_pig":1,"minecraft:crafting_table":2,"minecraft:tall_grass":3,"minecraft:copper_ore":11,"minecraft:cobblestone":7,"minecraft:lapis_ore":2,"minecraft:diorite":10,"minecraft:wall_torch":6,"horror_element_mod:impaled_head":1,"minecraft:light_blue_terracotta":1,"horror_element_mod:spiked_villager":1,"minecraft:lilac":1,"minecraft:spruce_log":4,"minecraft:grass":42,"minecraft:oak_log":10,"minecraft:coal_ore":105,"horror_element_mod:dead_cow":1,"minecraft:dirt":43,"minecraft:sandstone_wall":1,"minecraft:oak_leaves":2},"minecraft:custom":{"minecraft:interact_with_smithing_table":1,"minecraft:mob_kills":40,"minecraft:interact_with_crafting_table":20,"minecraft:leave_game":2,"minecraft:time_since_death":7382,"minecraft:climb_one_cm":1654,"minecraft:sprint_one_cm":299168,"minecraft:walk_one_cm":543752,"minecraft:damage_blocked_by_shield":3915,"minecraft:drop":68,"minecraft:talked_to_villager":1,"minecraft:play_time":181381,"minecraft:deaths":5,"minecraft:sneak_time":7708,"minecraft:walk_under_water_one_cm":37441,"minecraft:jump":2613,"minecraft:walk_on_water_one_cm":38761,"minecraft:total_world_time":181381,"minecraft:interact_with_furnace":26,"minecraft:traded_with_villager":1,"minecraft:sleep_in_bed":8,"minecraft:time_since_rest":3419,"minecraft:waystone_activated":2,"minecraft:damage_taken":3741,"minecraft:damage_dealt":6557,"minecraft:swim_one_cm":71541,"minecraft:fly_one_cm":356692,"minecraft:open_chest":17,"minecraft:crouch_one_cm":24516,"minecraft:interact_with_smoker":13,"minecraft:fall_one_cm":45173,"minecraft:horse_one_cm":45193},"minecraft:killed_by":{"minecraft:creeper":2,"minecraft:skeleton":2,"minecraft:zombie":1},"minecraft:dropped":{"minecraft:bread":5,"minecraft:iron_ingot":6,"minecraft:iron_sword":1,"minecraft:wheat_seeds":3,"minecraft:mourner_pottery_sherd":2,"minecraft:diamond":1,"minecraft:crafting_table":1,"minecraft:poisonous_potato":6,"minecraft:iron_helmet":1,"minecraft:cobblestone":61,"minecraft:saddle":2,"minecraft:acacia_log":34,"minecraft:stick":4,"minecraft:emerald":10,"mca:book_romance":1,"biomesoplenty:goldenrod":1,"alexsmobs:roadrunner_feather":1,"minecraft:torch":16,"minecraft:mutton":1,"minecraft:fire_charge":2,"alexsmobs:emu_feather":4,"minecraft:gold_nugget":1,"minecraft:bone_block":64,"minecraft:string":5,"minecraft:skull_pottery_sherd":5,"minecraft:gold_ingot":5,"farmersdelight:rotten_tomato":1,"alexsmobs:gazelle_horn":2,"alexsmobs:animal_dictionary":1,"minecraft:raw_copper":56,"minecraft:bowl":3,"alexsmobs:emu_egg":1,"minecraft:golden_shovel":1,"minecraft:carrot":2,"minecraft:suspicious_stew":1,"minecraft:sandstone_wall":1,"minecraft:shield":1,"minecraft:gunpowder":8,"minecraft:spruce_planks":1,"minecraft:iron_chestplate":1,"farmersdelight:rope":5,"minecraft:spider_eye":3,"minecraft:bow":1,"minecraft:wooden_pickaxe":1,"minecraft:stone_pickaxe":1,"minecraft:brick":1},"minecraft:broken":{"minecraft:stone_pickaxe":1,"minecraft:shield":1},"minecraft:killed":{"alexsmobs:seagull":1,"minecraft:skeleton":8,"alexsmobs:kangaroo":1,"minecraft:pig":4,"minecraft:bat":3,"minecraft:creeper":2,"alexsmobs:emu":4,"minecraft:sheep":1,"minecraft:zombie":9,"alexsmobs:cockroach":1,"alexsmobs:maned_wolf":1,"alexsmobs:gazelle":3,"alexsmobs:fly":1},"minecraft:crafted":{"minecraft:oak_planks":40,"minecraft:furnace":3,"minecraft:bone_meal":12,"alexsmobs:roadrunner_feather":2,"alexsmobs:falconry_hood":1,"minecraft:leather":1,"minecraft:stone_pickaxe":1,"minecraft:bricks":1,"minecraft:stone_hoe":1,"minecraft:smoker":2,"minecraft:coal_block":1,"minecraft:crafting_table":2,"minecraft:spruce_planks":16,"minecraft:wooden_pickaxe":1,"minecraft:baked_potato":4,"minecraft:acacia_button":1,"minecraft:stone_axe":1,"minecraft:air":0,"minecraft:shield":3,"minecraft:stick":84,"minecraft:iron_ingot":5,"minecraft:iron_pickaxe":1,"minecraft:gold_ingot":3,"minecraft:acacia_planks":20,"minecraft:torch":192}},"DataVersion":3465}