{"stats":{"minecraft:picked_up":{"minecraft:string":4},"minecraft:used":{"alexsmobs:animal_dictionary":1,"minecraft:leather_boots":1},"minecraft:custom":{"minecraft:jump":24,"minecraft:open_chest":4,"minecraft:time_since_rest":16563,"minecraft:damage_dealt":10,"minecraft:crouch_one_cm":423,"minecraft:sprint_one_cm":317,"minecraft:play_time":16563,"minecraft:walk_on_water_one_cm":8597,"minecraft:time_since_death":16563,"minecraft:walk_one_cm":10582,"minecraft:sneak_time":456,"minecraft:total_world_time":16563,"minecraft:walk_under_water_one_cm":11552,"minecraft:swim_one_cm":39156,"minecraft:drop":1,"minecraft:fly_one_cm":625},"minecraft:dropped":{"minecraft:suspicious_stew":1}},"DataVersion":3465}