{"stats":{"minecraft:killed_by":{"minecraft:creeper":2,"minecraft:skeleton":2,"minecraft:zombie":1},"minecraft:dropped":{"minecraft:bread":5,"minecraft:iron_ingot":6,"minecraft:iron_sword":1,"minecraft:wheat_seeds":10,"minecraft:mourner_pottery_sherd":2,"minecraft:diamond":2,"minecraft:crafting_table":1,"minecraft:poisonous_potato":6,"minecraft:iron_helmet":1,"minecraft:cobblestone":61,"minecraft:saddle":2,"minecraft:acacia_log":34,"alexsmobs:bison_fur":2,"minecraft:emerald":10,"minecraft:stick":4,"mca:book_romance":1,"biomesoplenty:goldenrod":1,"alexsmobs:roadrunner_feather":1,"minecraft:torch":25,"minecraft:mutton":3,"minecraft:fire_charge":2,"minecraft:gold_nugget":1,"alexsmobs:emu_feather":4,"minecraft:bone_block":64,"minecraft:string":5,"minecraft:skull_pottery_sherd":5,"minecraft:gold_ingot":5,"farmersdelight:rotten_tomato":1,"alexsmobs:gazelle_horn":2,"minecraft:iron_nugget":5,"alexsmobs:animal_dictionary":1,"minecraft:raw_copper":59,"minecraft:bowl":3,"minecraft:raw_iron":1,"minecraft:golden_shovel":1,"alexsmobs:emu_egg":1,"minecraft:carrot":2,"minecraft:suspicious_stew":1,"minecraft:sandstone_wall":1,"minecraft:shield":1,"minecraft:gunpowder":8,"minecraft:spruce_planks":1,"minecraft:iron_chestplate":1,"minecraft:leather_boots":1,"farmersdelight:rope":5,"minecraft:spider_eye":5,"minecraft:bow":1,"minecraft:stone_pickaxe":1,"minecraft:wooden_pickaxe":1,"minecraft:brick":1},"minecraft:crafted":{"minecraft:oak_planks":40,"minecraft:raw_iron":18,"biomesoplenty:mahogany_planks":8,"minecraft:furnace":8,"mca:bouquet":1,"minecraft:bone_meal":12,"alexsmobs:roadrunner_feather":2,"alexsmobs:falconry_hood":1,"minecraft:leather":1,"minecraft:stone_pickaxe":2,"minecraft:chest":1,"minecraft:bricks":1,"minecraft:stone_hoe":1,"minecraft:smoker":2,"minecraft:coal_block":1,"minecraft:glass_bottle":3,"sophisticatedbackpacks:backpack":2,"minecraft:crafting_table":4,"minecraft:spruce_planks":16,"minecraft:wooden_pickaxe":1,"minecraft:baked_potato":11,"minecraft:bucket":1,"minecraft:acacia_button":1,"minecraft:stone_axe":2,"minecraft:air":0,"minecraft:blue_dye":1,"minecraft:iron_chestplate":1,"minecraft:shield":3,"biomesoplenty:mahogany_door":3,"minecraft:stick":128,"minecraft:iron_ingot":19,"minecraft:iron_pickaxe":2,"minecraft:gold_ingot":3,"minecraft:acacia_planks":56,"minecraft:torch":336},"minecraft:broken":{"minecraft:leather_leggings":1,"minecraft:stone_pickaxe":1,"minecraft:shield":1,"minecraft:iron_pickaxe":1},"minecraft:killed":{"alexsmobs:raccoon":1,"minecraft:spider":2,"alexsmobs:seagull":1,"minecraft:slime":15,"minecraft:skeleton":16,"alexsmobs:bison":1,"alexsmobs:centipede_head":2,"alexsmobs:kangaroo":1,"minecraft:pig":4,"minecraft:bat":3,"minecraft:creeper":10,"alexsmobs:emu":4,"minecraft:sheep":1,"alexsmobs:cockroach":3,"minecraft:zombie":20,"alexsmobs:maned_wolf":1,"alexsmobs:gazelle":3,"alexsmobs:fly":1},"minecraft:mined":{"minecraft:tuff":18,"minecraft:white_bed":5,"minecraft:deepslate_diamond_ore":4,"minecraft:granite":14,"minecraft:acacia_log":65,"minecraft:grass_block":10,"minecraft:decorated_pot":3,"minecraft:redstone_wire":3,"minecraft:moss_block":1,"minecraft:sandstone":1,"minecraft:raw_iron_block":2,"minecraft:furnace":4,"minecraft:iron_ore":9,"minecraft:fire":1,"minecraft:cobbled_deepslate":3,"minecraft:andesite":1,"biomesoplenty:high_grass":48,"minecraft:potatoes":28,"minecraft:deepslate_iron_ore":58,"biomesoplenty:redwood_log":1,"biomesoplenty:barley":45,"minecraft:stone":146,"minecraft:bone_block":64,"horror_element_mod:spiked_body":2,"minecraft:deepslate_redstone_ore":7,"minecraft:cut_sandstone":1,"horror_element_mod:dead_experiment":2,"minecraft:acacia_leaves":12,"horror_element_mod:dead_pig":1,"farmersdelight:organic_compost":1,"minecraft:crafting_table":6,"minecraft:melon":1,"minecraft:copper_ore":11,"minecraft:tall_grass":8,"minecraft:cobblestone":22,"biomesoplenty:high_grass_plant":110,"minecraft:deepslate_gold_ore":7,"minecraft:lapis_ore":2,"minecraft:diorite":10,"minecraft:wall_torch":8,"horror_element_mod:impaled_head":1,"minecraft:light_blue_terracotta":1,"biomesoplenty:mahogany_log":2,"k_turrets:deepslate_titanium_ore":2,"horror_element_mod:spiked_villager":1,"biomesoplenty:pink_daffodil":5,"minecraft:lilac":1,"minecraft:spruce_log":4,"minecraft:grass":100,"minecraft:coal_ore":116,"minecraft:oak_log":10,"horror_element_mod:dead_cow":1,"minecraft:dirt":43,"minecraft:sandstone_wall":1,"minecraft:oak_leaves":2,"minecraft:deepslate":52,"minecraft:fern":2},"minecraft:used":{"minecraft:flint_and_steel":1,"minecraft:redstone":18,"minecraft:ladder":3,"minecraft:light_blue_terracotta":1,"minecraft:decorated_pot":2,"minecraft:iron_sword":168,"minecraft:shield":123,"minecraft:rotten_flesh":19,"minecraft:stone_hoe":24,"minecraft:iron_chestplate":2,"minecraft:torch":324,"minecraft:dirt":20,"minecraft:carrot":9,"aquaculture:synodontis":3,"minecraft:golden_shovel":24,"minecraft:acacia_button":1,"minecraft:tuff":10,"minecraft:granite":19,"minecraft:obsidian":2,"biomesoplenty:redwood_log":1,"minecraft:bricks":1,"minecraft:grass_block":1,"farmersdelight:rotten_tomato":1,"minecraft:iron_helmet":2,"minecraft:golden_sword":1,"minecraft:furnace":11,"minecraft:potato":59,"minecraft:cooked_beef":1,"farmersdelight:tomato_seeds":3,"minecraft:cobbled_deepslate":25,"minecraft:water_bucket":16,"minecraft:diorite":11,"minecraft:leather_leggings":1,"minecraft:stone_pickaxe":224,"minecraft:glass_bottle":29,"minecraft:baked_potato":47,"farmersdelight:golden_knife":38,"horror_element_mod:impaled_head":1,"minecraft:wooden_pickaxe":26,"minecraft:sandstone":1,"minecraft:cut_sandstone":1,"minecraft:leather_boots":2,"biomesoplenty:mahogany_door":3,"minecraft:crafting_table":12,"minecraft:white_bed":6,"minecraft:smoker":2,"minecraft:apple":3,"alexsmobs:kangaroo_meat":1,"minecraft:melon_slice":3,"minecraft:bread":28,"minecraft:iron_pickaxe":315,"minecraft:suspicious_stew":1,"minecraft:stone_axe":98,"minecraft:fire_charge":2,"minecraft:potion":27,"minecraft:cobblestone":90,"minecraft:andesite":3,"minecraft:bucket":17,"alexsmobs:animal_dictionary":2,"minecraft:bone_meal":332},"minecraft:custom":{"minecraft:interact_with_smithing_table":1,"minecraft:mob_kills":91,"minecraft:interact_with_crafting_table":41,"minecraft:leave_game":10,"minecraft:time_since_death":162371,"minecraft:climb_one_cm":1654,"minecraft:sprint_one_cm":568980,"minecraft:walk_one_cm":923521,"minecraft:damage_blocked_by_shield":5205,"minecraft:drop":88,"minecraft:talked_to_villager":1,"minecraft:play_time":336370,"minecraft:deaths":5,"minecraft:sneak_time":13443,"minecraft:walk_under_water_one_cm":59993,"minecraft:jump":4608,"minecraft:walk_on_water_one_cm":68691,"minecraft:total_world_time":336370,"minecraft:interact_with_furnace":46,"minecraft:traded_with_villager":1,"minecraft:sleep_in_bed":8,"minecraft:waystone_activated":2,"minecraft:time_since_rest":158408,"minecraft:damage_taken":4963,"minecraft:damage_dealt":9019,"minecraft:swim_one_cm":90007,"minecraft:fly_one_cm":580968,"minecraft:open_chest":17,"minecraft:crouch_one_cm":42764,"minecraft:interact_with_smoker":13,"minecraft:fall_one_cm":73491,"minecraft:horse_one_cm":45193},"minecraft:picked_up":{"biomesoplenty:redwood_log":1,"minecraft:iron_chestplate":2,"minecraft:crafting_table":9,"aquaculture:synodontis":4,"minecraft:ladder":3,"minecraft:leather_leggings":1,"gunscraft:pistol_ammo_provider":1,"minecraft:mourner_pottery_sherd":2,"minecraft:golden_shovel":1,"minecraft:brick":5,"minecraft:shield":5,"minecraft:golden_sword":4,"alexsmobs:gazelle_horn":2,"minecraft:string":11,"minecraft:raw_copper":38,"minecraft:flint_and_steel":4,"alexsmobs:emu_feather":4,"minecraft:gold_nugget":4,"minecraft:cobbled_deepslate":50,"minecraft:beef":7,"minecraft:iron_nugget":25,"minecraft:iron_pickaxe":5,"minecraft:melon_slice":3,"gunscraft:suppressor":1,"farmersdelight:golden_knife":5,"minecraft:iron_boots":1,"minecraft:furnace":6,"minecraft:raw_iron":59,"minecraft:stick":102,"minecraft:sandstone":1,"farmersdelight:rotten_tomato":2,"minecraft:torch":118,"minecraft:bowl":2,"minecraft:acacia_log":162,"minecraft:porkchop":40,"minecraft:fire_charge":2,"minecraft:sandstone_wall":1,"farmersdelight:tomato_seeds":31,"minecraft:skull_pottery_sherd":5,"minecraft:diorite":11,"minecraft:redstone":28,"horror_element_mod:impaled_head":1,"minecraft:arrow":15,"minecraft:rotten_flesh":158,"gunscraft:laser_sight":1,"minecraft:decorated_pot":2,"k_turrets:raw_titanium":2,"gunscraft:pistol_exp_mag":1,"alexsmobs:emu_egg":1,"minecraft:saddle":1,"minecraft:mutton":16,"alexsmobs:kangaroo_meat":1,"minecraft:bone_block":64,"minecraft:cobblestone":608,"minecraft:cooked_beef":1,"minecraft:andesite":3,"minecraft:leather":13,"biomesoplenty:goldenrod":1,"minecraft:cut_sandstone":1,"minecraft:potato":110,"alexsmobs:bison_fur":2,"minecraft:flint":4,"minecraft:tuff":16,"minecraft:oak_log":10,"minecraft:gunpowder":3,"minecraft:lapis_lazuli":36,"minecraft:dirt":118,"minecraft:paper":10,"minecraft:leather_boots":6,"minecraft:glass":3,"minecraft:bone":16,"minecraft:acacia_planks":4,"minecraft:bow":7,"minecraft:wheat_seeds":10,"minecraft:raw_gold":7,"minecraft:iron_ingot":1,"minecraft:stone_pickaxe":1,"minecraft:iron_sword":5,"minecraft:stone_hoe":3,"alexsmobs:falconry_hood":4,"minecraft:red_wool":2,"minecraft:raw_iron_block":2,"minecraft:poisonous_potato":6,"gunscraft:holographic":1,"minecraft:spruce_log":4,"minecraft:white_bed":6,"minecraft:grass_block":2,"minecraft:spider_eye":17,"alexsmobs:animal_dictionary":5,"biomesoplenty:mahogany_log":2,"alexsmobs:kangaroo_hide":2,"minecraft:slime_ball":9,"minecraft:light_blue_terracotta":1,"gunscraft:m1911":1,"minecraft:diamond":8,"minecraft:stone_axe":3,"minecraft:iron_helmet":6,"minecraft:granite":19,"minecraft:bone_meal":318,"minecraft:emerald":1,"minecraft:bread":52,"minecraft:baked_potato":164,"biomesoplenty:pink_daffodil":5,"minecraft:coal":251}},"DataVersion":3465}