{"stats":{"minecraft:picked_up":{"minecraft:ladder":3,"minecraft:cut_sandstone":1,"minecraft:mourner_pottery_sherd":2,"minecraft:oak_log":5,"minecraft:brick":5,"minecraft:dirt":9,"minecraft:string":4,"alexsmobs:emu_feather":4,"minecraft:wheat_seeds":1,"minecraft:stone_pickaxe":1,"minecraft:sandstone":1,"minecraft:bowl":1,"minecraft:sandstone_wall":1,"minecraft:porkchop":4,"minecraft:skull_pottery_sherd":4,"minecraft:white_bed":2,"minecraft:spruce_log":4,"horror_element_mod:impaled_head":1,"alexsmobs:kangaroo_hide":2,"minecraft:rotten_flesh":16,"minecraft:light_blue_terracotta":1,"minecraft:decorated_pot":2,"alexsmobs:emu_egg":1,"minecraft:mutton":3,"alexsmobs:kangaroo_meat":1,"minecraft:cobblestone":22},"minecraft:used":{"minecraft:ladder":3,"minecraft:light_blue_terracotta":1,"horror_element_mod:impaled_head":1,"minecraft:decorated_pot":2,"minecraft:iron_sword":28,"minecraft:wooden_pickaxe":26,"minecraft:sandstone":1,"minecraft:cut_sandstone":1,"minecraft:leather_boots":1,"minecraft:rotten_flesh":8,"minecraft:dirt":4,"minecraft:crafting_table":1,"minecraft:carrot":9,"minecraft:white_bed":1,"minecraft:bricks":1,"minecraft:suspicious_stew":1,"minecraft:stone_axe":8,"alexsmobs:animal_dictionary":1},"minecraft:mined":{"horror_element_mod:spiked_body":2,"minecraft:cut_sandstone":1,"minecraft:white_bed":1,"horror_element_mod:dead_pig":1,"minecraft:acacia_log":1,"minecraft:grass_block":2,"minecraft:decorated_pot":3,"minecraft:sandstone":1,"horror_element_mod:impaled_head":1,"minecraft:light_blue_terracotta":1,"minecraft:spruce_log":4,"minecraft:grass":10,"minecraft:oak_log":5,"horror_element_mod:dead_cow":1,"minecraft:dirt":7,"minecraft:sandstone_wall":1,"minecraft:stone":22,"minecraft:oak_leaves":2},"minecraft:custom":{"minecraft:interact_with_smithing_table":1,"minecraft:mob_kills":10,"minecraft:interact_with_crafting_table":2,"minecraft:time_since_death":40563,"minecraft:sleep_in_bed":1,"minecraft:climb_one_cm":1654,"minecraft:time_since_rest":7773,"minecraft:sprint_one_cm":36374,"minecraft:damage_taken":310,"minecraft:walk_one_cm":85199,"minecraft:drop":13,"minecraft:damage_dealt":1410,"minecraft:swim_one_cm":53108,"minecraft:fly_one_cm":50291,"minecraft:open_chest":10,"minecraft:crouch_one_cm":2985,"minecraft:play_time":40563,"minecraft:sneak_time":1480,"minecraft:walk_under_water_one_cm":18480,"minecraft:jump":300,"minecraft:walk_on_water_one_cm":17468,"minecraft:total_world_time":40563,"minecraft:fall_one_cm":4296},"minecraft:dropped":{"minecraft:iron_sword":1,"minecraft:wheat_seeds":1,"minecraft:mourner_pottery_sherd":2,"minecraft:bowl":2,"minecraft:cobblestone":16,"minecraft:carrot":2,"minecraft:suspicious_stew":1,"minecraft:mutton":1,"minecraft:stone_pickaxe":1,"minecraft:wooden_pickaxe":1,"minecraft:brick":1},"minecraft:crafted":{"minecraft:crafting_table":1,"minecraft:spruce_planks":16,"minecraft:wooden_pickaxe":1,"minecraft:stone_axe":1,"minecraft:stick":4,"minecraft:stone_pickaxe":1,"minecraft:bricks":1},"minecraft:killed":{"minecraft:pig":2,"alexsmobs:emu":4,"minecraft:sheep":1,"alexsmobs:gazelle":1,"alexsmobs:fly":1,"alexsmobs:kangaroo":1}},"DataVersion":3465}