{"stats":{"minecraft:killed_by":{"minecraft:creeper":2,"minecraft:zombie":1,"minecraft:skeleton":2},"minecraft:dropped":{"minecraft:iron_sword":1,"minecraft:diamond":2,"minecraft:crafting_table":1,"minecraft:saddle":2,"alexsmobs:bison_fur":2,"minecraft:emerald":10,"alexsmobs:roadrunner_feather":1,"minecraft:mutton":3,"alexsmobs:emu_feather":4,"minecraft:gold_nugget":1,"minecraft:bone_block":64,"minecraft:gold_ingot":5,"alexsmobs:gazelle_horn":2,"minecraft:iron_nugget":5,"alexsmobs:animal_dictionary":1,"minecraft:golden_shovel":1,"alexsmobs:emu_egg":1,"minecraft:carrot":2,"minecraft:sandstone_wall":1,"minecraft:gunpowder":8,"minecraft:leather_boots":1,"farmersdelight:rope":5,"minecraft:iron_ingot":6,"minecraft:bread":5,"minecraft:wheat_seeds":10,"minecraft:mourner_pottery_sherd":2,"minecraft:poisonous_potato":6,"minecraft:iron_helmet":1,"minecraft:cobblestone":61,"minecraft:amethyst_block":4,"minecraft:acacia_log":34,"minecraft:stick":4,"gunscraft:cash":1,"mca:book_romance":1,"biomesoplenty:goldenrod":1,"minecraft:torch":26,"minecraft:fire_charge":2,"minecraft:string":5,"minecraft:skull_pottery_sherd":5,"farmersdelight:rotten_tomato":1,"minecraft:raw_copper":59,"minecraft:bowl":3,"minecraft:raw_iron":1,"minecraft:suspicious_stew":1,"minecraft:shield":1,"minecraft:spruce_planks":1,"minecraft:iron_chestplate":1,"gunscraft:pistol_9mm":3,"minecraft:spider_eye":5,"minecraft:bow":2,"minecraft:stone_pickaxe":1,"minecraft:wooden_pickaxe":1,"minecraft:brick":1},"minecraft:crafted":{"minecraft:oak_planks":40,"alexsmobs:roadrunner_feather":2,"minecraft:chest":1,"minecraft:bricks":1,"minecraft:stone_hoe":1,"minecraft:raw_iron_block":9,"minecraft:smoker":2,"minecraft:glass_bottle":3,"sophisticatedbackpacks:backpack":2,"minecraft:crafting_table":5,"minecraft:spruce_planks":16,"minecraft:wooden_pickaxe":1,"minecraft:baked_potato":11,"minecraft:acacia_button":1,"minecraft:iron_chestplate":1,"minecraft:shield":4,"minecraft:stick":128,"minecraft:iron_ingot":19,"minecraft:iron_pickaxe":2,"minecraft:gold_ingot":3,"minecraft:raw_iron":18,"biomesoplenty:mahogany_planks":8,"minecraft:furnace":8,"mca:bouquet":1,"minecraft:bone_meal":12,"alexsmobs:falconry_hood":1,"minecraft:leather":1,"minecraft:stone_pickaxe":2,"minecraft:coal_block":1,"minecraft:bucket":1,"minecraft:stone_axe":2,"minecraft:air":0,"minecraft:blue_dye":1,"biomesoplenty:mahogany_door":3,"minecraft:acacia_planks":88,"minecraft:torch":344},"minecraft:broken":{"minecraft:leather_leggings":1,"minecraft:stone_pickaxe":1,"minecraft:shield":2,"minecraft:iron_pickaxe":1},"minecraft:killed":{"minecraft:spider":2,"minecraft:skeleton":21,"alexsmobs:centipede_head":8,"alexsmobs:kangaroo":1,"minecraft:pig":4,"minecraft:creeper":16,"minecraft:sheep":1,"minecraft:zombie":22,"alexsmobs:maned_wolf":1,"alexsmobs:fly":1,"alexsmobs:raccoon":1,"alexsmobs:seagull":1,"minecraft:slime":15,"alexsmobs:bison":1,"minecraft:bat":3,"alexsmobs:emu":4,"alexsmobs:cockroach":4,"alexsmobs:gazelle":3},"minecraft:mined":{"minecraft:white_bed":5,"minecraft:granite":14,"minecraft:budding_amethyst":1,"minecraft:acacia_log":65,"minecraft:grass_block":10,"minecraft:raw_iron_block":2,"minecraft:iron_ore":28,"minecraft:cobbled_deepslate":4,"minecraft:fire":1,"minecraft:deepslate_lapis_ore":1,"biomesoplenty:redwood_log":1,"minecraft:small_amethyst_bud":2,"horror_element_mod:spiked_body":2,"minecraft:deepslate_redstone_ore":7,"horror_element_mod:dead_experiment":2,"minecraft:cut_sandstone":1,"farmersdelight:organic_compost":1,"horror_element_mod:dead_pig":1,"minecraft:amethyst_cluster":11,"minecraft:torch":1,"minecraft:melon":1,"minecraft:cobblestone":22,"minecraft:wall_torch":8,"minecraft:amethyst_block":4,"minecraft:light_blue_terracotta":1,"horror_element_mod:spiked_villager":1,"minecraft:lilac":1,"minecraft:grass":100,"minecraft:oak_log":10,"horror_element_mod:dead_cow":1,"minecraft:dirt":43,"minecraft:sandstone_wall":1,"minecraft:oak_leaves":2,"minecraft:deepslate":71,"minecraft:tuff":22,"minecraft:deepslate_diamond_ore":4,"minecraft:glow_lichen":2,"minecraft:decorated_pot":3,"minecraft:redstone_wire":3,"minecraft:moss_block":1,"minecraft:sandstone":1,"minecraft:furnace":4,"minecraft:andesite":1,"minecraft:potatoes":28,"biomesoplenty:high_grass":48,"minecraft:deepslate_iron_ore":106,"biomesoplenty:barley":45,"minecraft:stone":164,"minecraft:bone_block":64,"minecraft:acacia_leaves":12,"minecraft:crafting_table":7,"biomesoplenty:high_grass_plant":110,"minecraft:tall_grass":8,"minecraft:copper_ore":11,"minecraft:lapis_ore":8,"minecraft:deepslate_gold_ore":10,"minecraft:diorite":10,"horror_element_mod:impaled_head":1,"biomesoplenty:mahogany_log":2,"k_turrets:deepslate_titanium_ore":2,"biomesoplenty:pink_daffodil":5,"minecraft:spruce_log":4,"minecraft:coal_ore":116,"minecraft:gravel":1,"minecraft:fern":2},"minecraft:used":{"minecraft:ladder":3,"minecraft:decorated_pot":2,"minecraft:shield":134,"minecraft:iron_sword":170,"minecraft:rotten_flesh":19,"minecraft:iron_chestplate":2,"minecraft:carrot":9,"aquaculture:synodontis":4,"minecraft:acacia_button":1,"minecraft:tuff":10,"minecraft:obsidian":2,"minecraft:bricks":1,"minecraft:grass_block":1,"farmersdelight:rotten_tomato":1,"minecraft:iron_helmet":2,"minecraft:golden_sword":1,"minecraft:bow":5,"minecraft:furnace":11,"minecraft:potato":59,"minecraft:diorite":11,"minecraft:leather_leggings":1,"minecraft:stone_pickaxe":224,"horror_element_mod:impaled_head":1,"minecraft:wooden_pickaxe":26,"minecraft:sandstone":1,"biomesoplenty:mahogany_door":3,"minecraft:bread":28,"minecraft:melon_slice":3,"minecraft:fire_charge":2,"minecraft:andesite":3,"minecraft:bone_meal":332,"minecraft:flint_and_steel":1,"minecraft:redstone":18,"minecraft:light_blue_terracotta":1,"minecraft:stone_hoe":24,"minecraft:torch":362,"minecraft:dirt":20,"minecraft:golden_shovel":24,"minecraft:granite":19,"biomesoplenty:redwood_log":1,"minecraft:smooth_basalt":1,"minecraft:cooked_beef":1,"farmersdelight:tomato_seeds":3,"minecraft:cobbled_deepslate":58,"minecraft:water_bucket":38,"minecraft:amethyst_block":1,"minecraft:glass_bottle":47,"minecraft:baked_potato":58,"farmersdelight:golden_knife":38,"minecraft:cut_sandstone":1,"minecraft:leather_boots":2,"minecraft:crafting_table":14,"minecraft:white_bed":6,"minecraft:smoker":2,"minecraft:apple":3,"minecraft:suspicious_stew":1,"minecraft:iron_pickaxe":454,"alexsmobs:kangaroo_meat":1,"minecraft:stone_axe":98,"minecraft:cobblestone":90,"minecraft:potion":45,"minecraft:bucket":39,"alexsmobs:animal_dictionary":2},"minecraft:custom":{"minecraft:interact_with_crafting_table":47,"minecraft:leave_game":10,"minecraft:time_since_death":210371,"minecraft:sprint_one_cm":617834,"minecraft:damage_blocked_by_shield":5559,"minecraft:drop":95,"minecraft:talked_to_villager":1,"minecraft:play_time":384370,"minecraft:deaths":5,"minecraft:jump":5311,"minecraft:walk_on_water_one_cm":80315,"minecraft:interact_with_furnace":46,"minecraft:traded_with_villager":1,"minecraft:sleep_in_bed":8,"minecraft:waystone_activated":2,"minecraft:damage_dealt":9173,"minecraft:crouch_one_cm":55841,"minecraft:interact_with_smoker":13,"minecraft:horse_one_cm":45193,"minecraft:interact_with_smithing_table":1,"minecraft:mob_kills":112,"minecraft:climb_one_cm":1654,"minecraft:walk_one_cm":1035730,"minecraft:sneak_time":18023,"minecraft:walk_under_water_one_cm":64232,"minecraft:total_world_time":384370,"minecraft:time_since_rest":206408,"minecraft:damage_taken":5388,"minecraft:swim_one_cm":91170,"minecraft:fly_one_cm":624400,"minecraft:open_chest":17,"minecraft:fall_one_cm":84178},"minecraft:picked_up":{"minecraft:iron_chestplate":2,"aquaculture:synodontis":4,"gunscraft:pistol_ammo_provider":2,"minecraft:golden_shovel":1,"minecraft:golden_sword":4,"minecraft:amethyst_block":5,"alexsmobs:gazelle_horn":2,"minecraft:string":11,"minecraft:raw_copper":38,"alexsmobs:emu_feather":4,"minecraft:gold_nugget":4,"minecraft:cobbled_deepslate":70,"minecraft:calcite":1,"minecraft:iron_pickaxe":5,"minecraft:melon_slice":3,"gunscraft:suppressor":1,"minecraft:furnace":6,"minecraft:iron_boots":1,"minecraft:stick":102,"farmersdelight:rotten_tomato":2,"minecraft:acacia_log":162,"minecraft:torch":121,"minecraft:sandstone_wall":1,"minecraft:porkchop":40,"minecraft:diorite":11,"alexsmobs:centipede_leg":6,"minecraft:rotten_flesh":163,"gunscraft:laser_sight":1,"alexsmobs:emu_egg":1,"minecraft:cobblestone":618,"minecraft:cooked_beef":1,"minecraft:andesite":3,"minecraft:potato":110,"alexsmobs:bison_fur":2,"minecraft:flint":4,"minecraft:tuff":20,"minecraft:lapis_lazuli":80,"minecraft:dirt":118,"gunscraft:cash":4,"minecraft:leather_boots":6,"minecraft:bone":22,"minecraft:glass":3,"minecraft:acacia_planks":4,"minecraft:bow":7,"minecraft:wheat_seeds":10,"minecraft:raw_gold":10,"minecraft:stone_hoe":3,"minecraft:poisonous_potato":6,"minecraft:grass_block":2,"alexsmobs:animal_dictionary":5,"alexsmobs:kangaroo_hide":2,"minecraft:light_blue_terracotta":1,"minecraft:diamond":8,"minecraft:granite":19,"minecraft:bone_meal":318,"minecraft:bread":52,"minecraft:emerald":1,"biomesoplenty:pink_daffodil":5,"biomesoplenty:redwood_log":1,"minecraft:crafting_table":10,"minecraft:ladder":3,"minecraft:leather_leggings":1,"minecraft:mourner_pottery_sherd":2,"minecraft:shield":5,"minecraft:brick":5,"minecraft:flint_and_steel":4,"minecraft:beef":7,"minecraft:iron_nugget":25,"farmersdelight:golden_knife":5,"minecraft:raw_iron":121,"minecraft:sandstone":1,"minecraft:bowl":2,"minecraft:fire_charge":2,"farmersdelight:tomato_seeds":31,"minecraft:skull_pottery_sherd":5,"minecraft:redstone":28,"horror_element_mod:impaled_head":1,"minecraft:arrow":19,"minecraft:decorated_pot":2,"k_turrets:raw_titanium":2,"gunscraft:pistol_exp_mag":1,"minecraft:saddle":1,"minecraft:mutton":16,"alexsmobs:kangaroo_meat":1,"minecraft:bone_block":64,"minecraft:cut_sandstone":1,"biomesoplenty:goldenrod":1,"minecraft:leather":13,"minecraft:oak_log":10,"gunscraft:pistol_9mm":3,"minecraft:gunpowder":8,"minecraft:paper":10,"minecraft:iron_ingot":2,"minecraft:stone_pickaxe":1,"minecraft:iron_sword":5,"minecraft:smooth_basalt":1,"alexsmobs:falconry_hood":4,"minecraft:red_wool":2,"minecraft:raw_iron_block":2,"minecraft:amethyst_shard":8,"gunscraft:holographic":1,"minecraft:white_bed":6,"minecraft:spruce_log":4,"minecraft:spider_eye":17,"biomesoplenty:mahogany_log":2,"minecraft:slime_ball":9,"gunscraft:m1911":1,"minecraft:stone_axe":3,"minecraft:iron_helmet":6,"minecraft:baked_potato":164,"minecraft:coal":251}},"DataVersion":3465}