{"stats":{"minecraft:picked_up":{"minecraft:ladder":3,"minecraft:bowl":1,"minecraft:skull_pottery_sherd":4,"minecraft:spruce_log":4,"minecraft:string":4,"minecraft:dirt":9,"minecraft:decorated_pot":2,"minecraft:cobblestone":22},"minecraft:used":{"minecraft:ladder":3,"minecraft:suspicious_stew":1,"minecraft:decorated_pot":2,"minecraft:wooden_pickaxe":22,"minecraft:iron_sword":1,"minecraft:leather_boots":1,"minecraft:dirt":2,"minecraft:crafting_table":1,"alexsmobs:animal_dictionary":1},"minecraft:mined":{"minecraft:spruce_log":4,"minecraft:grass":1,"minecraft:grass_block":2,"minecraft:decorated_pot":3,"minecraft:dirt":7,"minecraft:stone":22},"minecraft:custom":{"minecraft:time_since_rest":28563,"minecraft:interact_with_smithing_table":1,"minecraft:sprint_one_cm":15646,"minecraft:walk_one_cm":45649,"minecraft:drop":3,"minecraft:damage_dealt":10,"minecraft:interact_with_crafting_table":1,"minecraft:swim_one_cm":45422,"minecraft:fly_one_cm":15057,"minecraft:open_chest":7,"minecraft:crouch_one_cm":2576,"minecraft:play_time":28563,"minecraft:sneak_time":1323,"minecraft:walk_under_water_one_cm":12405,"minecraft:jump":110,"minecraft:walk_on_water_one_cm":9925,"minecraft:time_since_death":28563,"minecraft:total_world_time":28563,"minecraft:climb_one_cm":1654,"minecraft:fall_one_cm":209},"minecraft:dropped":{"minecraft:iron_sword":1,"minecraft:bowl":1,"minecraft:suspicious_stew":1},"minecraft:crafted":{"minecraft:crafting_table":1,"minecraft:spruce_planks":16,"minecraft:wooden_pickaxe":1}},"DataVersion":3465}