{"stats":{"minecraft:broken":{"toughasnails:leaf_boots":6,"toughasnails:leaf_chestplate":3,"minecraft:leather_leggings":1,"minecraft:golden_shovel":1,"minecraft:stone_pickaxe":1,"toughasnails:leaf_leggings":1,"toughasnails:water_canteen":3,"minecraft:shield":2,"minecraft:iron_pickaxe":2,"toughasnails:leaf_helmet":3},"minecraft:killed":{"alexsmobs:lobster":2,"minecraft:zombified_piglin":3,"minecraft:witch":1,"minecraft:spider":10,"minecraft:skeleton":47,"alexsmobs:leafcutter_ant":11,"alexsmobs:straddler":5,"alexsmobs:centipede_head":9,"minecraft:piglin_brute":11,"alexsmobs:kangaroo":1,"minecraft:cat":1,"minecraft:magma_cube":17,"minecraft:piglin":2,"minecraft:pig":4,"alexsmobs:seal":1,"minecraft:iron_golem":2,"minecraft:creeper":47,"minecraft:sheep":1,"minecraft:pillager":2,"minecraft:zombie":70,"alexsmobs:cachalot_whale":4,"alexsmobs:maned_wolf":1,"minecraft:ghast":3,"alexsmobs:fly":1,"minecraft:glow_squid":2,"mutantmonsters:mutant_creeper":1,"minecraft:blaze":35,"alexsmobs:raccoon":1,"alexsmobs:seagull":1,"minecraft:slime":15,"minecraft:phantom":10,"alexsmobs:bison":3,"minecraft:drowned":3,"alexsmobs:flying_fish":2,"minecraft:bat":5,"minecraft:hoglin":7,"alexsmobs:emu":4,"alexsmobs:cockroach":4,"alexsmobs:gazelle":3,"alexsmobs:crow":1,"minecraft:wither_skeleton":18,"minecraft:enderman":3},"minecraft:dropped":{"sophisticatedbackpacks:iron_backpack":1,"minecraft:iron_sword":2,"minecraft:lapis_lazuli":13,"minecraft:oak_log":7,"minecraft:glow_ink_sac":3,"minecraft:glass_bottle":3,"minecraft:diamond":15,"minecraft:crafting_table":1,"mca:bouquet":2,"farmersdelight:cooked_bacon":4,"minecraft:leather":3,"minecraft:saddle":2,"alexsmobs:bison_fur":4,"sophisticatedbackpacks:gold_backpack":2,"minecraft:emerald":10,"minecraft:gold_block":8,"minecraft:cracked_polished_blackstone_bricks":1,"minecraft:dirt":1,"alexsmobs:roadrunner_feather":1,"minecraft:mutton":3,"alexsmobs:flying_fish":1,"minecraft:gold_nugget":2,"alexsmobs:emu_feather":4,"minecraft:bone_block":64,"minecraft:phantom_membrane":3,"gunscraft:m82a1":3,"minecraft:glistering_melon_slice":1,"minecraft:gold_ingot":31,"minecraft:gravel":24,"minecraft:stone_axe":1,"mutantmonsters:mutant_skeleton_pelvis":1,"alexsmobs:gazelle_horn":2,"minecraft:iron_nugget":7,"minecraft:golden_chestplate":1,"alexsmobs:animal_dictionary":1,"minecraft:nether_brick":3,"minecraft:rotten_flesh":25,"gunscraft:assault_rifle_ammo_provider":1,"minecraft:golden_shovel":1,"alexsmobs:emu_egg":1,"sophisticatedbackpacks:diamond_backpack":1,"minecraft:carrot":6,"minecraft:sandstone_wall":1,"minecraft:leather_chestplate":2,"minecraft:gunpowder":8,"minecraft:jungle_log":1,"minecraft:leather_boots":6,"farmersdelight:rope":5,"minecraft:arrow":1,"minecraft:beef":1,"minecraft:crying_obsidian":6,"minecraft:quartz":8,"alexsmobs:lava_bottle":2,"minecraft:iron_ingot":7,"minecraft:bread":5,"minecraft:wheat_seeds":22,"minecraft:golden_helmet":1,"minecraft:mourner_pottery_sherd":2,"minecraft:polished_blackstone":3,"gunscraft:m870":1,"minecraft:poisonous_potato":11,"minecraft:iron_helmet":2,"minecraft:cobblestone":61,"minecraft:amethyst_block":4,"minecraft:stripped_jungle_log":2,"minecraft:acacia_log":34,"minecraft:stick":4,"gunscraft:cash":1,"mca:book_romance":1,"biomesoplenty:goldenrod":1,"minecraft:nether_gold_ore":9,"gunscraft:pistol_ammo_provider":5,"minecraft:ink_sac":3,"minecraft:torch":26,"toughasnails:leaf_boots":3,"minecraft:diamond_helmet":3,"aquaculture:jellyfish":2,"minecraft:fire_charge":3,"minecraft:potion":12,"minecraft:white_banner":1,"toughasnails:leaf_leggings":3,"minecraft:string":7,"minecraft:acacia_planks":1,"minecraft:skull_pottery_sherd":5,"farmersdelight:rotten_tomato":1,"minecraft:kelp":8,"toughasnails:empty_canteen":2,"toughasnails:leaf_chestplate":5,"minecraft:raw_copper":62,"minecraft:bowl":3,"minecraft:raw_iron":1,"minecraft:slime_block":1,"minecraft:suspicious_stew":1,"minecraft:diamond_sword":2,"minecraft:shield":1,"gunscraft:shotgun_ammo_provider":1,"minecraft:diamond_pickaxe":2,"alexsmobs:lobster_tail":2,"minecraft:spruce_planks":1,"minecraft:iron_chestplate":1,"minecraft:andesite":1,"gunscraft:pistol_9mm":5,"minecraft:spider_eye":9,"minecraft:bow":2,"minecraft:stone_pickaxe":2,"minecraft:wooden_pickaxe":1,"minecraft:calcite":2,"mutantmonsters:mutant_skeleton_rib":2,"minecraft:brick":1},"minecraft:picked_up":{"toughasnails:leaf_leggings":2,"minecraft:iron_chestplate":4,"aquaculture:synodontis":4,"gunscraft:pistol_ammo_provider":22,"minecraft:diamond_sword":2,"enchantmentmachine:disenchanter_block":3,"minecraft:enchanted_book":1,"minecraft:potion":35,"minecraft:golden_shovel":4,"minecraft:gilded_blackstone":33,"minecraft:nether_brick":19,"minecraft:brewing_stand":1,"minecraft:golden_sword":11,"minecraft:amethyst_block":5,"alexsmobs:gazelle_horn":2,"minecraft:polished_blackstone_brick_stairs":27,"minecraft:string":25,"minecraft:raw_copper":97,"minecraft:red_nether_bricks":3,"minecraft:iron_leggings":10,"alexsmobs:emu_feather":4,"minecraft:gold_nugget":169,"minecraft:cobbled_deepslate":85,"minecraft:bucket":2,"minecraft:horn_coral_block":150,"toughasnails:leaf_boots":10,"minecraft:calcite":2,"minecraft:iron_pickaxe":16,"minecraft:melon_slice":55,"gunscraft:suppressor":1,"minecraft:iron_boots":2,"alexsmobs:leafcutter_ant_chamber":1,"minecraft:furnace":8,"minecraft:golden_helmet":6,"minecraft:polished_blackstone_brick_slab":10,"minecraft:stick":109,"farmersdelight:rotten_tomato":2,"minecraft:torch":163,"minecraft:acacia_log":162,"minecraft:sandstone_wall":1,"minecraft:porkchop":103,"minecraft:diorite":11,"alexsmobs:centipede_leg":10,"minecraft:cauldron":22,"mutantmonsters:mutant_skeleton_pelvis":1,"minecraft:nether_gold_ore":9,"minecraft:rotten_flesh":231,"gunscraft:laser_sight":1,"farmersdelight:onion":2,"minecraft:iron_block":2,"alexsmobs:emu_egg":1,"minecraft:magma_cream":1,"minecraft:blaze_rod":34,"minecraft:obsidian":2,"alexsmobs:lobster_tail":2,"minecraft:iron_bars":1,"minecraft:cod":2,"alexsmobs:flying_fish":6,"minecraft:cobblestone":818,"minecraft:leather_chestplate":2,"minecraft:cooked_beef":1,"minecraft:andesite":4,"minecraft:water_bucket":12,"minecraft:jungle_log":1,"minecraft:golden_leggings":9,"biomesoplenty:glowshroom":22,"minecraft:potato":443,"toughasnails:leaf_helmet":7,"alexsmobs:bison_fur":4,"minecraft:flint":4,"minecraft:tuff":32,"farmersdelight:cooked_bacon":18,"minecraft:lapis_lazuli":173,"minecraft:dirt":253,"gunscraft:cash":4,"minecraft:leather_boots":9,"minecraft:glass":3,"minecraft:bone":75,"farmersdelight:iron_knife":1,"minecraft:acacia_planks":5,"minecraft:bow":18,"minecraft:wheat_seeds":22,"minecraft:raw_gold":10,"minecraft:diamond_helmet":5,"minecraft:stone_hoe":12,"aquaculture:atlantic_herring":1,"aquaculture:jellyfish":2,"minecraft:ghast_tear":1,"enchantmentmachine:enchanter_block":3,"minecraft:poisonous_potato":14,"minecraft:sand":1,"sophisticatedbackpacks:iron_backpack":11,"minecraft:ink_sac":7,"minecraft:grass_block":2,"minecraft:spectral_arrow":10,"alexsmobs:animal_dictionary":5,"gunscraft:m82a1":13,"gunscraft:m870":18,"alexsmobs:kangaroo_hide":2,"toughasnails:water_canteen":4,"minecraft:light_blue_terracotta":1,"minecraft:diamond":17,"minecraft:slime_block":5,"minecraft:cracked_polished_blackstone_bricks":15,"minecraft:granite":19,"minecraft:bone_meal":390,"gunscraft:shotgun_ammo_provider":16,"minecraft:emerald":6,"minecraft:bread":185,"biomesoplenty:pink_daffodil":5,"minecraft:netherrack":240,"minecraft:oak_leaves":194,"mca:bouquet":1,"minecraft:diamond_pickaxe":11,"sophisticatedbackpacks:gold_backpack":24,"biomesoplenty:redwood_log":1,"minecraft:fishing_rod":1,"minecraft:crafting_table":17,"minecraft:splash_potion":2,"minecraft:ladder":3,"minecraft:nether_wart":8,"minecraft:leather_leggings":3,"minecraft:mourner_pottery_sherd":2,"minecraft:gold_block":9,"minecraft:shield":16,"minecraft:brick":5,"alexsmobs:pigshoes":1,"minecraft:iron_axe":6,"minecraft:flint_and_steel":8,"minecraft:blackstone":307,"minecraft:beef":14,"minecraft:oak_boat":1,"minecraft:iron_nugget":27,"minecraft:poppy":1,"minecraft:sugar_cane":71,"minecraft:chest":1,"farmersdelight:golden_knife":10,"minecraft:phantom_membrane":7,"minecraft:raw_iron":200,"minecraft:sandstone":1,"enchantmentmachine:enchantment_block":4,"gunscraft:big_cal_ammo_provider":12,"minecraft:bowl":2,"alexsmobs:straddlite":4,"minecraft:fire_charge":38,"minecraft:polished_blackstone_bricks":50,"farmersdelight:tomato_seeds":31,"minecraft:skull_pottery_sherd":5,"minecraft:cookie":7,"minecraft:carrot":58,"minecraft:redstone":38,"alexsmobs:leafcutter_ant_pupa":1,"minecraft:iron_horse_armor":5,"minecraft:dark_oak_planks":1,"toughasnails:empty_canteen":10,"horror_element_mod:impaled_head":1,"minecraft:arrow":74,"gunscraft:mini_m249":1,"minecraft:decorated_pot":5,"minecraft:jungle_stairs":4,"minecraft:nether_bricks":6,"k_turrets:raw_titanium":2,"gunscraft:sniper_scope":1,"mutantmonsters:mutant_skeleton_rib":2,"gunscraft:pistol_exp_mag":1,"minecraft:saddle":1,"minecraft:gold_ingot":7,"minecraft:polished_blackstone":11,"minecraft:mutton":16,"alexsmobs:kangaroo_meat":1,"minecraft:bone_block":64,"minecraft:basalt":8,"minecraft:salmon":1,"minecraft:glow_ink_sac":3,"minecraft:leather":23,"biomesoplenty:goldenrod":1,"minecraft:cut_sandstone":1,"minecraft:jungle_fence":4,"minecraft:red_mushroom":1,"minecraft:chainmail_chestplate":6,"minecraft:oak_log":49,"minecraft:golden_boots":6,"gunscraft:pistol_9mm":9,"minecraft:gunpowder":23,"minecraft:paper":32,"minecraft:white_banner":1,"biomesoplenty:glowing_moss_carpet":7,"minecraft:kelp":8,"minecraft:iron_ingot":44,"minecraft:stone_pickaxe":1,"minecraft:glass_bottle":47,"minecraft:iron_sword":24,"minecraft:soul_sand":16,"minecraft:dark_oak_stairs":1,"sophisticatedbackpacks:diamond_backpack":1,"minecraft:book":131,"toughasnails:leaf_chestplate":16,"minecraft:smooth_basalt":1,"gunscraft:assault_rifle_ammo_provider":1,"alexsmobs:falconry_hood":4,"minecraft:red_wool":2,"minecraft:quartz":11,"minecraft:raw_iron_block":2,"minecraft:gravel":82,"minecraft:lava_bucket":1,"minecraft:amethyst_shard":8,"gunscraft:holographic":1,"alexsmobs:lava_bottle":3,"minecraft:white_bed":7,"minecraft:spruce_log":4,"minecraft:crying_obsidian":9,"biomesoplenty:glowing_moss_block":10,"minecraft:spider_eye":24,"minecraft:stripped_jungle_log":2,"biomesoplenty:mahogany_log":2,"minecraft:dried_kelp_block":1,"minecraft:slime_ball":18,"gunscraft:m1911":7,"minecraft:stone_axe":7,"minecraft:iron_helmet":8,"minecraft:polished_blackstone_brick_wall":30,"minecraft:lodestone":2,"minecraft:baked_potato":301,"minecraft:coal":313,"minecraft:ender_pearl":6},"minecraft:mined":{"minecraft:dark_oak_planks":1,"biomesoplenty:glowshroom":16,"minecraft:white_bed":6,"minecraft:red_nether_bricks":4,"alexsmobs:leafcutter_anthill":1,"minecraft:jungle_leaves":1,"minecraft:brewing_stand":1,"minecraft:granite":14,"minecraft:budding_amethyst":1,"minecraft:acacia_log":65,"minecraft:grass_block":47,"minecraft:cracked_polished_blackstone_bricks":12,"minecraft:polished_blackstone_brick_slab":9,"minecraft:nether_wart":4,"minecraft:spawner":7,"minecraft:gilded_blackstone":28,"minecraft:polished_blackstone_bricks":48,"minecraft:tall_seagrass":4,"minecraft:raw_iron_block":2,"minecraft:iron_ore":78,"minecraft:fire":60,"minecraft:cobbled_deepslate":4,"minecraft:deepslate_lapis_ore":10,"minecraft:dark_oak_stairs":2,"enchantmentmachine:enchanter_block":3,"biomesoplenty:glowshroom_block":2,"biomesoplenty:redwood_log":1,"minecraft:small_amethyst_bud":2,"minecraft:iron_bars":2,"minecraft:iron_block":2,"horror_element_mod:spiked_body":2,"minecraft:deepslate_redstone_ore":9,"minecraft:cut_sandstone":1,"horror_element_mod:dead_experiment":2,"biomesoplenty:glowworm_silk":1,"horror_element_mod:dead_pig":1,"farmersdelight:organic_compost":1,"minecraft:blackstone":84,"minecraft:soul_fire":1,"minecraft:amethyst_cluster":11,"minecraft:torch":6,"minecraft:jungle_stairs":6,"minecraft:melon":10,"minecraft:chest":1,"minecraft:mushroom_stem":1,"minecraft:nether_quartz_ore":1,"minecraft:cobblestone":28,"minecraft:slime_block":2,"minecraft:sugar_cane":49,"minecraft:wall_torch":12,"minecraft:amethyst_block":4,"minecraft:cauldron":9,"minecraft:seagrass":2,"minecraft:light_blue_terracotta":1,"minecraft:mud":2,"horror_element_mod:spiked_villager":1,"minecraft:lava_cauldron":1,"minecraft:lilac":1,"minecraft:grass":173,"horror_element_mod:dead_cow":1,"minecraft:oak_log":52,"minecraft:sand":1,"minecraft:dirt":45,"minecraft:sandstone_wall":1,"minecraft:netherrack":113,"minecraft:oak_leaves":91,"minecraft:deepslate":91,"biomesoplenty:glowing_moss_block":2,"minecraft:nether_gold_ore":39,"minecraft:diamond_ore":2,"minecraft:tuff":22,"minecraft:deepslate_diamond_ore":7,"minecraft:nether_bricks":6,"minecraft:glow_lichen":4,"biomesoplenty:bush":5,"minecraft:decorated_pot":10,"minecraft:redstone_wire":3,"minecraft:moss_block":1,"minecraft:sandstone":1,"minecraft:carrots":3,"minecraft:furnace":6,"minecraft:andesite":2,"minecraft:gold_block":16,"minecraft:bookshelf":40,"minecraft:potatoes":103,"biomesoplenty:high_grass":107,"minecraft:deepslate_iron_ore":136,"biomesoplenty:barley":45,"minecraft:stone":256,"minecraft:bone_block":64,"minecraft:acacia_leaves":12,"minecraft:soul_sand":5,"minecraft:basalt":1,"minecraft:polished_blackstone_brick_wall":17,"minecraft:crafting_table":13,"enchantmentmachine:disenchanter_block":3,"biomesoplenty:high_grass_plant":195,"minecraft:copper_ore":11,"minecraft:tall_grass":19,"minecraft:lapis_ore":19,"biomesoplenty:sprout":5,"minecraft:deepslate_gold_ore":10,"minecraft:polished_blackstone_brick_stairs":13,"minecraft:diorite":14,"horror_element_mod:impaled_head":1,"biomesoplenty:mahogany_log":2,"k_turrets:deepslate_titanium_ore":2,"biomesoplenty:pink_daffodil":5,"minecraft:spruce_log":4,"minecraft:jungle_fence":3,"minecraft:coal_ore":160,"minecraft:gravel":1,"minecraft:lodestone":2,"minecraft:polished_blackstone":11,"minecraft:gold_ore":2,"minecraft:fern":6},"minecraft:used":{"minecraft:polished_deepslate":12,"minecraft:shield":144,"minecraft:decorated_pot":2,"minecraft:ladder":3,"minecraft:chest":3,"minecraft:iron_sword":188,"minecraft:nether_wart":2,"minecraft:rotten_flesh":19,"minecraft:iron_chestplate":3,"minecraft:soul_sand":10,"enchantmentmachine:enchanter_block":3,"minecraft:nether_bricks":2,"minecraft:carrot":21,"aquaculture:synodontis":4,"minecraft:acacia_button":1,"minecraft:tuff":16,"minecraft:obsidian":2,"minecraft:lava_bucket":5,"minecraft:bricks":1,"minecraft:grass_block":1,"farmersdelight:rotten_tomato":1,"minecraft:iron_helmet":5,"aquaculture:diamond_fishing_rod":7,"minecraft:golden_sword":1,"minecraft:bow":18,"minecraft:furnace":17,"minecraft:potato":155,"minecraft:stone_pickaxe":224,"minecraft:diorite":11,"minecraft:leather_leggings":1,"horror_element_mod:impaled_head":1,"minecraft:blackstone":108,"minecraft:wooden_pickaxe":26,"minecraft:sandstone":1,"minecraft:sugar_cane":29,"toughasnails:water_canteen":165,"minecraft:cookie":36,"minecraft:sand":1,"biomesoplenty:mahogany_door":3,"minecraft:shears":79,"minecraft:melon_slice":3,"minecraft:bread":52,"enchantmentmachine:disenchanter_block":3,"minecraft:gravel":1,"biomesoplenty:glowing_moss_carpet":7,"minecraft:golden_helmet":1,"minecraft:fire_charge":3,"minecraft:andesite":3,"minecraft:air":1,"minecraft:oak_boat":2,"alexsmobs:leafcutter_ant_chamber":1,"minecraft:bone_meal":512,"minecraft:polished_blackstone_brick_slab":1,"minecraft:iron_bars":1,"minecraft:flint_and_steel":2,"minecraft:redstone":18,"biomesoplenty:glowing_moss_block":10,"minecraft:light_blue_terracotta":1,"biomesoplenty:glowshroom":4,"toughasnails:leaf_boots":3,"minecraft:stone_hoe":45,"minecraft:netherrack":96,"minecraft:torch":413,"minecraft:brewing_stand":1,"minecraft:dirt":80,"toughasnails:empty_canteen":4,"minecraft:chainmail_chestplate":1,"minecraft:diamond_helmet":2,"minecraft:golden_shovel":56,"minecraft:granite":19,"biomesoplenty:redwood_log":1,"minecraft:dark_oak_planks":1,"aquaculture:iron_fishing_rod":4,"minecraft:slime_block":2,"minecraft:polished_blackstone_brick_stairs":12,"minecraft:smooth_basalt":1,"minecraft:basalt":2,"minecraft:golden_carrot":3,"enchantmentmachine:enchantment_block":4,"farmersdelight:tomato_seeds":3,"minecraft:cooked_beef":8,"minecraft:cobbled_deepslate":73,"minecraft:iron_leggings":3,"minecraft:water_bucket":87,"toughasnails:leaf_leggings":2,"minecraft:amethyst_block":1,"minecraft:lodestone":2,"minecraft:glass_bottle":189,"minecraft:baked_potato":104,"minecraft:red_nether_bricks":2,"farmersdelight:golden_knife":39,"minecraft:cut_sandstone":1,"minecraft:cauldron":9,"aquaculture:synodontis_bucket":2,"minecraft:leather_boots":2,"minecraft:polished_blackstone_bricks":21,"minecraft:gilded_blackstone":2,"minecraft:crafting_table":21,"minecraft:red_mushroom":1,"minecraft:white_bed":7,"alexsmobs:leafcutter_ant_pupa":1,"minecraft:smoker":3,"alexsmobs:flying_fish":4,"minecraft:diamond_pickaxe":497,"minecraft:apple":5,"minecraft:cracked_polished_blackstone_bricks":6,"alexsmobs:kangaroo_meat":1,"minecraft:iron_pickaxe":688,"minecraft:suspicious_stew":1,"minecraft:jungle_stairs":4,"toughasnails:leaf_chestplate":3,"minecraft:golden_leggings":4,"minecraft:stone_axe":227,"minecraft:fishing_rod":2,"farmersdelight:cooked_bacon":1,"minecraft:cobblestone":210,"minecraft:potion":174,"minecraft:cooked_porkchop":1,"minecraft:bucket":100,"alexsmobs:animal_dictionary":2,"minecraft:splash_potion":2},"minecraft:custom":{"minecraft:interact_with_crafting_table":104,"minecraft:open_barrel":42,"minecraft:bell_ring":15,"minecraft:leave_game":16,"minecraft:time_since_death":21815,"minecraft:sprint_one_cm":1470121,"minecraft:damage_blocked_by_shield":5794,"minecraft:drop":303,"minecraft:talked_to_villager":1,"minecraft:play_time":906395,"minecraft:deaths":41,"minecraft:jump":12130,"minecraft:walk_on_water_one_cm":157668,"minecraft:enchant_item":4,"minecraft:interact_with_furnace":167,"minecraft:traded_with_villager":1,"minecraft:sleep_in_bed":9,"minecraft:waystone_activated":5,"minecraft:damage_dealt":10472,"minecraft:player_kills":5,"minecraft:crouch_one_cm":143206,"minecraft:interact_with_smoker":56,"minecraft:interact_with_smithing_table":1,"minecraft:use_cauldron":17,"minecraft:horse_one_cm":45193,"minecraft:mob_kills":377,"minecraft:fill_cauldron":6,"minecraft:damage_dealt_resisted":16595,"minecraft:climb_one_cm":2109,"minecraft:walk_one_cm":2579921,"minecraft:damage_dealt_absorbed":5035,"minecraft:sneak_time":44363,"minecraft:walk_under_water_one_cm":164100,"minecraft:boat_one_cm":166609,"minecraft:total_world_time":906395,"minecraft:time_since_rest":21841,"minecraft:damage_taken":19761,"minecraft:damage_absorbed":39,"minecraft:swim_one_cm":359113,"minecraft:fly_one_cm":1592560,"minecraft:open_chest":170,"minecraft:fish_caught":6,"minecraft:fall_one_cm":223019},"minecraft:crafted":{"minecraft:oak_planks":72,"minecraft:slime_block":1,"sophisticatedbackpacks:crafting_upgrade":1,"toughasnails:leaf_leggings":1,"alexsmobs:roadrunner_feather":2,"sophisticatedbackpacks:copper_backpack":2,"minecraft:chest":5,"toughasnails:leaf_helmet":1,"minecraft:bricks":1,"minecraft:stone_hoe":1,"minecraft:cooked_porkchop":29,"minecraft:raw_iron_block":21,"minecraft:smoker":3,"minecraft:glass_bottle":3,"toughasnails:leaf_boots":4,"sophisticatedbackpacks:backpack":3,"minecraft:crafting_table":6,"minecraft:spruce_planks":16,"minecraft:iron_helmet":1,"minecraft:wooden_pickaxe":1,"minecraft:baked_potato":167,"minecraft:copper_ingot":14,"minecraft:acacia_button":1,"sophisticatedbackpacks:upgrade_base":1,"minecraft:iron_chestplate":1,"minecraft:diamond_pickaxe":1,"minecraft:shield":5,"minecraft:stick":148,"minecraft:iron_ingot":81,"minecraft:iron_pickaxe":3,"farmersdelight:cooked_bacon":5,"minecraft:gold_ingot":32,"aquaculture:iron_fishing_rod":1,"minecraft:shears":1,"minecraft:raw_iron":45,"biomesoplenty:mahogany_planks":8,"minecraft:furnace":12,"mca:bouquet":1,"minecraft:bone_meal":120,"alexsmobs:falconry_hood":1,"minecraft:leather":1,"minecraft:polished_deepslate":12,"minecraft:iron_axe":1,"minecraft:stone_pickaxe":2,"sophisticatedbackpacks:iron_backpack":2,"minecraft:cooked_beef":7,"minecraft:coal_block":5,"toughasnails:leaf_chestplate":3,"aquaculture:diamond_fishing_rod":1,"sophisticatedbackpacks:gold_backpack":1,"minecraft:bucket":6,"minecraft:stone_axe":2,"minecraft:air":0,"minecraft:blue_dye":1,"minecraft:oak_boat":1,"biomesoplenty:mahogany_door":3,"minecraft:iron_leggings":1,"minecraft:acacia_planks":88,"minecraft:torch":384},"minecraft:killed_by":{"minecraft:zombified_piglin":1,"minecraft:wither_skeleton":11,"minecraft:piglin_brute":2,"minecraft:creeper":3,"alexsmobs:straddler":2,"minecraft:piglin":1,"minecraft:blaze":5,"minecraft:zombie":5,"minecraft:player":1,"minecraft:skeleton":3}},"DataVersion":3465}