{"stats":{"minecraft:crafted":{"minecraft:crafting_table":1,"minecraft:wooden_pickaxe":1,"minecraft:baked_potato":2,"minecraft:furnace":1,"minecraft:stone_axe":1,"minecraft:bread":6,"minecraft:air":0,"minecraft:stick":8,"minecraft:stone_pickaxe":1,"minecraft:stone_sword":1,"minecraft:white_bed":1,"minecraft:dark_oak_planks":16,"minecraft:wheat":18},"minecraft:killed":{"alexsmobs:raccoon":1,"minecraft:pillager":12,"alexsmobs:bison":1},"minecraft:used":{"minecraft:stone_sword":89,"minecraft:stone_pickaxe":15,"minecraft:baked_potato":2,"minecraft:poppy":1,"minecraft:wooden_pickaxe":10,"farmersdelight:onion":5,"minecraft:dirt":6,"minecraft:sand":11,"minecraft:crafting_table":2,"minecraft:carrot":7,"minecraft:white_bed":2,"minecraft:cornflower":1,"minecraft:oxeye_daisy":2,"minecraft:dark_oak_log":1,"minecraft:bread":6,"minecraft:stone_axe":32,"minecraft:furnace":1,"minecraft:goat_horn":1,"minecraft:dandelion":2},"minecraft:picked_up":{"minecraft:birch_log":1,"minecraft:crafting_table":3,"minecraft:lilac":1,"minecraft:tripwire_hook":1,"biomesoplenty:fir_log":2,"minecraft:cornflower":1,"minecraft:dirt":33,"minecraft:white_banner":10,"minecraft:bone":4,"minecraft:beef":7,"minecraft:stone_pickaxe":1,"minecraft:poppy":1,"minecraft:sugar_cane":13,"minecraft:chest":1,"minecraft:furnace":2,"minecraft:stick":8,"minecraft:raw_iron":4,"minecraft:dandelion":2,"minecraft:gravel":2,"minecraft:sand":15,"minecraft:white_bed":2,"minecraft:dark_oak_log":31,"minecraft:goat_horn":1,"minecraft:stone_sword":1,"minecraft:arrow":3,"minecraft:rotten_flesh":2,"minecraft:stone_axe":1,"farmersdelight:onion":2,"minecraft:hay_block":9,"minecraft:crossbow":1,"minecraft:bread":1,"minecraft:stripped_dark_oak_log":1,"minecraft:dark_oak_fence":12,"minecraft:cobblestone":24,"minecraft:white_wool":17,"minecraft:oxeye_daisy":2},"minecraft:killed_by":{"minecraft:skeleton":2,"alexsmobs:bison":1},"minecraft:dropped":{"minecraft:gravel":2,"minecraft:stick":1},"minecraft:mined":{"minecraft:white_bed":2,"minecraft:stripped_dark_oak_log":1,"minecraft:dark_oak_log":17,"minecraft:powder_snow":1,"minecraft:crafting_table":2,"minecraft:dark_oak_fence":6,"minecraft:grass_block":4,"minecraft:cobblestone":16,"minecraft:tall_grass":3,"biomesoplenty:sprout":1,"minecraft:sugar_cane":6,"biomesoplenty:tundra_shrub":4,"minecraft:hay_block":6,"minecraft:birch_planks":1,"minecraft:furnace":1,"minecraft:birch_log":1,"minecraft:iron_ore":2,"minecraft:lilac":2,"biomesoplenty:fir_log":2,"minecraft:white_wall_banner":8,"minecraft:grass":14,"minecraft:gravel":1,"minecraft:dirt":3,"minecraft:stone":4,"minecraft:white_wool":10,"minecraft:fern":2},"minecraft:custom":{"minecraft:interact_with_furnace":3,"minecraft:mob_kills":17,"minecraft:interact_with_crafting_table":9,"minecraft:leave_game":2,"minecraft:time_since_death":3594,"minecraft:sleep_in_bed":2,"minecraft:time_since_rest":3627,"minecraft:sprint_one_cm":71803,"minecraft:damage_taken":1395,"minecraft:walk_one_cm":117485,"minecraft:drop":3,"minecraft:damage_dealt":3977,"minecraft:swim_one_cm":9541,"minecraft:fly_one_cm":142726,"minecraft:open_chest":4,"minecraft:crouch_one_cm":7237,"minecraft:play_time":45226,"minecraft:deaths":3,"minecraft:sneak_time":1784,"minecraft:walk_under_water_one_cm":10687,"minecraft:boat_one_cm":24743,"minecraft:jump":797,"minecraft:walk_on_water_one_cm":16882,"minecraft:total_world_time":45226,"minecraft:fall_one_cm":21387}},"DataVersion":3465}