{"stats":{"minecraft:dropped":{"sophisticatedbackpacks:iron_backpack":4,"farmersdelight:iron_knife":1,"minecraft:iron_sword":6,"minecraft:lapis_lazuli":1,"minecraft:porkchop":9,"minecraft:cooked_beef":1,"minecraft:glass_bottle":46,"minecraft:diamond":19,"minecraft:crafting_table":2,"minecraft:crossbow":1,"farmersdelight:cooked_bacon":3,"minecraft:cookie":14,"biomesoplenty:black_sand":1,"minecraft:saddle":1,"minecraft:leather_helmet":1,"minecraft:red_mushroom":3,"minecraft:emerald":1,"sophisticatedbackpacks:gold_backpack":4,"minecraft:dirt":29,"alexsmobs:flying_fish":3,"minecraft:gold_nugget":15,"minecraft:bone_meal":391,"minecraft:phantom_membrane":1,"minecraft:sand":2,"minecraft:sugar":1,"minecraft:iron_pickaxe":2,"minecraft:bone":7,"alexsmobs:centipede_leg":1,"mutantmonsters:hulk_hammer":1,"minecraft:iron_nugget":3,"minecraft:golden_chestplate":3,"minecraft:cobbled_deepslate":33,"minecraft:nether_brick":14,"minecraft:wheat":5,"minecraft:rotten_flesh":101,"minecraft:glowstone_dust":1,"minecraft:golden_shovel":1,"minecraft:white_bed":1,"farmersdelight:rice_panicle":3,"gunscraft:big_cal_ammo_provider":5,"minecraft:leather_boots":5,"minecraft:leather_leggings":3,"minecraft:glass":5,"minecraft:beef":4,"gunscraft:mini_m249":1,"farmersdelight:tomato_seeds":9,"minecraft:iron_ingot":1,"minecraft:wheat_seeds":33,"farmersdelight:skillet":1,"minecraft:polished_blackstone":2,"minecraft:horn_coral_block":30,"minecraft:iron_helmet":4,"minecraft:feather":1,"minecraft:cobblestone":313,"minecraft:granite":8,"minecraft:chainmail_helmet":1,"horror_element_mod:slashed_skull":1,"minecraft:coal":88,"minecraft:dried_kelp_block":1,"gunscraft:cash":16,"biomesoplenty:goldenrod":1,"minecraft:ink_sac":3,"alexsmobs:leafcutter_ant_chamber":1,"aquaculture:atlantic_herring":1,"minecraft:potion":6,"aquaculture:jellyfish":3,"minecraft:mud":1,"biomesoplenty:glowshroom":3,"toughasnails:leaf_leggings":2,"minecraft:string":6,"minecraft:acacia_planks":2,"minecraft:skull_pottery_sherd":4,"minecraft:furnace":1,"toughasnails:empty_canteen":3,"minecraft:stone_sword":1,"minecraft:bowl":2,"alexsmobs:pigshoes":2,"minecraft:iron_boots":2,"minecraft:slime_block":1,"minecraft:suspicious_stew":1,"minecraft:potato":83,"minecraft:allium":2,"gunscraft:shotgun_ammo_provider":9,"minecraft:diamond_pickaxe":3,"gunscraft:pistol_9mm":3,"minecraft:spider_eye":15,"minecraft:bow":9,"waystones:waystone":1,"minecraft:soul_sand":8,"minecraft:oak_log":20,"minecraft:baked_potato":81,"minecraft:ender_pearl":1,"mca:bouquet":1,"minecraft:leather":2,"gunscraft:m1911":4,"farmersdelight:rice":5,"minecraft:cracked_polished_blackstone_bricks":5,"minecraft:polished_blackstone_brick_stairs":4,"minecraft:gilded_blackstone":3,"minecraft:polished_blackstone_bricks":20,"gunscraft:m82a1":2,"minecraft:glistering_melon_slice":1,"minecraft:cauldron":2,"minecraft:gold_ingot":23,"minecraft:gravel":49,"minecraft:blackstone":80,"gunscraft:holographic":1,"gunscraft:sniper_scope":1,"minecraft:carrot":4,"minecraft:chainmail_chestplate":1,"minecraft:gunpowder":2,"minecraft:skeleton_skull":1,"minecraft:basalt":8,"minecraft:iron_bars":2,"minecraft:arrow":5,"minecraft:quartz":1,"minecraft:oak_leaves":24,"minecraft:netherrack":1,"alexsmobs:lava_bottle":1,"minecraft:water_bucket":4,"minecraft:stone_hoe":1,"minecraft:bread":51,"minecraft:golden_helmet":2,"gunscraft:m870":5,"minecraft:poisonous_potato":3,"minecraft:amethyst_block":8,"minecraft:nether_brick_wall":1,"minecraft:tropical_fish":1,"minecraft:grass_block":1,"gunscraft:suppressor":1,"minecraft:stick":4,"minecraft:diorite":4,"gunscraft:pistol_ammo_provider":10,"minecraft:torch":96,"minecraft:melon_slice":39,"toughasnails:leaf_boots":6,"minecraft:fire_charge":2,"minecraft:iron_leggings":2,"toughasnails:leaf_helmet":1,"minecraft:polished_blackstone_brick_slab":7,"minecraft:iron_axe":1,"farmersdelight:rich_soil":6,"minecraft:redstone":2,"minecraft:dandelion":2,"minecraft:smooth_basalt":1,"farmersdelight:rotten_tomato":1,"alexsmobs:maggot":2,"toughasnails:leaf_chestplate":7,"minecraft:raw_copper":68,"minecraft:tuff":6,"gunscraft:laser_sight":1,"minecraft:raw_iron":2,"minecraft:filled_map":2,"minecraft:shield":3,"minecraft:iron_chestplate":2,"minecraft:andesite":4,"gunscraft:pistol_exp_mag":2,"minecraft:oak_boat":1,"minecraft:golden_leggings":2,"minecraft:oak_sapling":6,"minecraft:golden_sword":1,"minecraft:wooden_pickaxe":1,"minecraft:calcite":1},"minecraft:broken":{"toughasnails:leaf_chestplate":3,"minecraft:golden_sword":1,"toughasnails:wool_boots":1,"minecraft:stone_sword":1,"toughasnails:water_canteen":3,"minecraft:shield":1,"minecraft:iron_pickaxe":1,"toughasnails:leaf_boots":1,"minecraft:golden_shovel":1,"toughasnails:wool_leggings":1,"toughasnails:leaf_leggings":4},"minecraft:mined":{"biomesoplenty:mossy_black_sand":3,"minecraft:white_bed":7,"alexsmobs:leafcutter_anthill":2,"minecraft:jungle_leaves":1,"minecraft:red_nether_bricks":7,"minecraft:obsidian":17,"minecraft:granite":11,"minecraft:coal_block":2,"minecraft:hopper":3,"minecraft:nether_wart":26,"minecraft:spawner":6,"minecraft:polished_blackstone_bricks":17,"minecraft:tall_seagrass":9,"minecraft:cobbled_deepslate":19,"minecraft:fire":12,"minecraft:deepslate_lapis_ore":4,"biomesoplenty:glowshroom_block":31,"farmersdelight:rice_panicles":1,"minecraft:iron_block":2,"minecraft:kelp_plant":10,"minecraft:amethyst_cluster":12,"minecraft:torch":13,"minecraft:melon":25,"gunscraft:vending_machine":5,"minecraft:amethyst_block":5,"minecraft:skeleton_skull":1,"minecraft:jungle_wood":2,"minecraft:wither_rose":3,"minecraft:grass":37,"minecraft:smooth_basalt":2,"minecraft:deepslate":182,"minecraft:nether_brick_wall":1,"minecraft:nether_bricks":6,"minecraft:redstone_wire":2,"alexsmobs:leafcutter_ant_chamber":1,"minecraft:moss_block":1,"minecraft:kelp":4,"biomesoplenty:dune_grass":11,"minecraft:redstone_ore":5,"minecraft:andesite":4,"minecraft:potatoes":136,"biomesoplenty:high_grass":15,"minecraft:cobblestone_slab":10,"biomesoplenty:barley":3,"minecraft:bamboo":2,"minecraft:white_wool":34,"biomesoplenty:black_sand":3,"minecraft:polished_blackstone_brick_wall":3,"biomesoplenty:high_grass_plant":48,"minecraft:tall_grass":4,"minecraft:copper_ore":10,"minecraft:deepslate_gold_ore":87,"farmersdelight:wild_tomatoes":8,"minecraft:diorite":5,"minecraft:purple_wool":9,"minecraft:spruce_log":5,"minecraft:gravel":2,"minecraft:cobweb":46,"minecraft:polished_blackstone":5,"minecraft:gold_ore":48,"minecraft:fern":15,"minecraft:large_amethyst_bud":1,"biomesoplenty:glowshroom":9,"farmersdelight:rich_soil":6,"minecraft:brewing_stand":5,"minecraft:grass_block":18,"minecraft:cracked_polished_blackstone_bricks":7,"minecraft:polished_blackstone_brick_slab":6,"minecraft:gilded_blackstone":4,"farmersdelight:wild_rice":5,"minecraft:iron_ore":136,"minecraft:dark_oak_stairs":1,"enchantmentmachine:enchanter_block":1,"minecraft:iron_bars":2,"minecraft:deepslate_redstone_ore":10,"minecraft:blackstone":32,"farmersdelight:organic_compost":11,"biomesoplenty:glowing_moss_carpet":1,"minecraft:calcite":4,"minecraft:poppy":1,"minecraft:chest":2,"minecraft:mushroom_stem":4,"minecraft:nether_quartz_ore":1,"minecraft:cobblestone":23,"minecraft:wall_torch":5,"minecraft:cauldron":3,"biomesoplenty:goldenrod":1,"minecraft:seagrass":1,"minecraft:lapis_block":1,"biomesoplenty:clover":2,"minecraft:oak_log":197,"minecraft:sand":53,"minecraft:dirt":27,"minecraft:wither_skeleton_skull":1,"minecraft:netherrack":76,"minecraft:oak_leaves":181,"minecraft:magenta_wool":9,"minecraft:emerald_block":1,"biomesoplenty:glowing_moss_block":4,"minecraft:nether_gold_ore":29,"minecraft:tuff":9,"minecraft:deepslate_diamond_ore":9,"minecraft:candle":1,"minecraft:glow_lichen":1,"biomesoplenty:bush":5,"minecraft:decorated_pot":19,"farmersdelight:tomatoes":1,"minecraft:cracked_nether_bricks":1,"minecraft:sandstone":3,"minecraft:hay_block":28,"minecraft:oak_trapdoor":1,"minecraft:furnace":13,"minecraft:gold_block":35,"biomesoplenty:sea_oats":18,"minecraft:bookshelf":51,"minecraft:deepslate_iron_ore":145,"minecraft:stone":975,"minecraft:podzol":4,"minecraft:basalt":1,"minecraft:crafting_table":7,"biomesoplenty:sprout":5,"biomesoplenty:huge_clover_petal":4,"minecraft:lapis_ore":6,"minecraft:polished_blackstone_brick_stairs":3,"minecraft:sculk":114,"minecraft:coal_ore":165,"biomesoplenty:redwood_wood":1},"minecraft:custom":{"minecraft:interact_with_crafting_table":271,"minecraft:open_barrel":65,"minecraft:leave_game":18,"minecraft:time_since_death":60778,"minecraft:damage_blocked_by_shield":7780,"minecraft:play_time":1477989,"minecraft:deaths":56,"minecraft:jump":15835,"minecraft:enchant_item":9,"minecraft:interact_with_furnace":255,"minecraft:sleep_in_bed":13,"minecraft:waystone_activated":6,"minecraft:damage_dealt":12071,"minecraft:interact_with_smoker":30,"minecraft:use_cauldron":39,"minecraft:interact_with_smithing_table":1,"minecraft:inspect_hopper":11,"minecraft:damage_dealt_absorbed":21272,"minecraft:sneak_time":65370,"minecraft:interact_with_blast_furnace":20,"minecraft:total_world_time":1478469,"minecraft:time_since_rest":60811,"minecraft:swim_one_cm":337734,"minecraft:fly_one_cm":1791208,"minecraft:open_chest":331,"minecraft:fall_one_cm":375440,"minecraft:sprint_one_cm":1306592,"minecraft:drop":571,"minecraft:talked_to_villager":3,"minecraft:interact_with_brewingstand":3,"minecraft:walk_on_water_one_cm":251037,"minecraft:player_kills":1,"minecraft:crouch_one_cm":221459,"minecraft:mob_kills":560,"minecraft:fill_cauldron":5,"minecraft:damage_dealt_resisted":35699,"minecraft:climb_one_cm":4840,"minecraft:walk_one_cm":3202562,"minecraft:walk_under_water_one_cm":237960,"minecraft:boat_one_cm":479440,"minecraft:damage_taken":26011},"minecraft:killed":{"minecraft:cave_spider":1,"alexsmobs:lobster":1,"alexsmobs:murmur":4,"aquaculture:smallmouth_bass":1,"minecraft:skeleton":85,"alexsmobs:leafcutter_ant":7,"alexsmobs:straddler":9,"alexsmobs:centipede_head":12,"minecraft:cat":1,"minecraft:magma_cube":37,"alexsmobs:seal":7,"mutantmonsters:mutant_skeleton":1,"minecraft:zombie":102,"alexsmobs:cachalot_whale":5,"minecraft:cow":4,"mca:female_zombie_villager":1,"mca:male_zombie_villager":1,"alexsmobs:raccoon":1,"alexsmobs:seagull":5,"minecraft:horse":3,"alexsmobs:murmur_head":1,"minecraft:husk":1,"minecraft:wandering_trader":3,"alexsmobs:crocodile":1,"alexsmobs:elephant":1,"minecraft:enderman":7,"minecraft:witch":2,"minecraft:zombified_piglin":4,"minecraft:spider":24,"minecraft:piglin_brute":12,"alexsmobs:kangaroo":1,"minecraft:piglin":8,"minecraft:pig":2,"alexsmobs:stradpole":7,"minecraft:strider":1,"minecraft:creeper":70,"minecraft:sheep":1,"minecraft:trader_llama":6,"minecraft:ghast":6,"minecraft:blaze":32,"minecraft:phantom":19,"alexsmobs:bison":2,"minecraft:drowned":15,"alexsmobs:flying_fish":1,"minecraft:bat":1,"minecraft:hoglin":16,"minecraft:squid":1,"alexsmobs:emu":2,"alexsmobs:gazelle":2,"mutantmonsters:mutant_zombie":2,"minecraft:wither_skeleton":10},"minecraft:picked_up":{"minecraft:iron_chestplate":9,"minecraft:suspicious_stew":2,"gunscraft:pistol_ammo_provider":47,"minecraft:lead":6,"minecraft:diamond_sword":4,"farmersdelight:rice_panicle":3,"minecraft:wither_rose":3,"minecraft:enchanted_book":3,"minecraft:golden_shovel":1,"minecraft:brewing_stand":8,"minecraft:golden_sword":10,"minecraft:amethyst_block":8,"minecraft:polished_blackstone_brick_stairs":7,"minecraft:string":95,"minecraft:red_nether_bricks":7,"alexsmobs:emu_feather":6,"minecraft:gold_nugget":75,"minecraft:cobbled_deepslate":244,"minecraft:spruce_planks":7,"minecraft:horn_coral_block":60,"toughasnails:leaf_boots":15,"minecraft:coal_block":4,"biomesoplenty:redwood_wood":1,"minecraft:melon_slice":171,"gunscraft:suppressor":6,"minecraft:golden_helmet":3,"minecraft:polished_blackstone_brick_slab":14,"horror_element_mod:slashed_skull":1,"minecraft:acacia_log":70,"minecraft:golden_axe":1,"minecraft:golden_chestplate":5,"alexsmobs:centipede_leg":15,"minecraft:cauldron":6,"mutantmonsters:mutant_skeleton_pelvis":1,"minecraft:stone_sword":2,"minecraft:tropical_fish":1,"gunscraft:red_dot":1,"minecraft:iron_block":2,"farmersdelight:rope":5,"minecraft:blaze_rod":17,"minecraft:iron_bars":2,"alexsmobs:flying_fish":3,"minecraft:feather":1,"farmersdelight:rice":10,"minecraft:water_bucket":10,"minecraft:jungle_wood":2,"alexsmobs:bison_fur":2,"minecraft:flint":4,"farmersdelight:cooked_bacon":1,"farmersdelight:tomato":27,"minecraft:diamond_helmet":21,"minecraft:glowstone_dust":1,"minecraft:moss_block":1,"aquaculture:jellyfish":3,"enchantmentmachine:enchanter_block":1,"sophisticatedbackpacks:iron_backpack":8,"minecraft:ink_sac":3,"alexsmobs:animal_dictionary":5,"gunscraft:m82a1":7,"alexsmobs:kangaroo_hide":2,"toughasnails:water_canteen":1,"gunscraft:ak_tactical_stock":1,"minecraft:granite":18,"gunscraft:shotgun_ammo_provider":16,"minecraft:chainmail_helmet":1,"minecraft:bread":83,"alexsmobs:maggot":2,"minecraft:plenty_pottery_sherd":3,"minecraft:diamond_pickaxe":24,"sophisticatedbackpacks:gold_backpack":33,"minecraft:mud":1,"minecraft:crafting_table":12,"minecraft:purple_wool":10,"gunscraft:assault_expansion_mag":1,"minecraft:nether_wart":77,"minecraft:leather_leggings":3,"minecraft:mourner_pottery_sherd":2,"gunscraft:grip":3,"minecraft:red_bed":1,"alexsmobs:pigshoes":3,"minecraft:compass":4,"minecraft:iron_shovel":2,"minecraft:beef":13,"minecraft:poppy":3,"minecraft:iron_nugget":3,"minecraft:chest":2,"minecraft:sandstone":3,"enchantmentmachine:enchantment_block":1,"gunscraft:big_cal_ammo_provider":8,"alexsmobs:straddlite":2,"sophisticatedbackpacks:backpack":2,"minecraft:fire_charge":26,"farmersdelight:tomato_seeds":24,"minecraft:skull_pottery_sherd":8,"minecraft:carrot":10,"minecraft:redstone":76,"mutantmonsters:creeper_shard":1,"minecraft:diamond_chestplate":5,"gunscraft:mini_m249":9,"minecraft:decorated_pot":10,"minecraft:hay_block":28,"gunscraft:sniper_scope":2,"minecraft:gold_ingot":214,"sophisticatedbackpacks:copper_backpack":7,"minecraft:polished_blackstone":10,"minecraft:mutton":2,"minecraft:white_wool":35,"minecraft:bone_block":64,"alexsmobs:kangaroo_meat":1,"biomesoplenty:orange_sand":5,"minecraft:red_mushroom":3,"minecraft:filled_map":7,"minecraft:oak_log":232,"minecraft:golden_boots":7,"mutantmonsters:mutant_skeleton_limb":8,"minecraft:paper":15,"minecraft:white_banner":1,"biomesoplenty:glowing_moss_carpet":1,"farmersdelight:organic_compost":12,"minecraft:apple":7,"minecraft:kelp":213,"minecraft:blade_pottery_sherd":1,"minecraft:glass_bottle":42,"minecraft:iron_sword":17,"minecraft:dark_oak_stairs":1,"toughasnails:leaf_chestplate":14,"minecraft:smooth_basalt":1,"gunscraft:rifle_exp_mag":1,"gunscraft:assault_rifle_ammo_provider":21,"alexsmobs:falconry_hood":2,"minecraft:cracked_nether_bricks":1,"minecraft:gravel":49,"minecraft:prize_pottery_sherd":8,"minecraft:spruce_log":5,"minecraft:crying_obsidian":14,"minecraft:leather_helmet":1,"biomesoplenty:mahogany_log":1,"minecraft:firework_rocket":5,"minecraft:slime_ball":6,"minecraft:stone_axe":1,"gunscraft:light_laser_sight":3,"minecraft:painting":1,"minecraft:polished_blackstone_brick_wall":4,"minecraft:baked_potato":496,"minecraft:hopper":3,"minecraft:ender_pearl":8,"toughasnails:leaf_leggings":13,"minecraft:wheat":5,"aquaculture:synodontis":3,"minecraft:potion":27,"minecraft:gilded_blackstone":9,"minecraft:nether_brick":14,"minecraft:lapis_block":2,"mutantmonsters:mutant_skeleton_skull":1,"minecraft:raw_copper":105,"gunscraft:rifle_ammo_provider":9,"minecraft:iron_leggings":13,"minecraft:bucket":9,"minecraft:cobblestone_slab":380,"minecraft:calcite":4,"minecraft:iron_pickaxe":18,"minecraft:iron_boots":9,"alexsmobs:leafcutter_ant_chamber":1,"minecraft:furnace":11,"minecraft:tipped_arrow":11,"minecraft:stick":22,"farmersdelight:rotten_tomato":1,"minecraft:torch":182,"minecraft:porkchop":91,"minecraft:diorite":6,"mutantmonsters:hulk_hammer":2,"minecraft:nether_gold_ore":60,"minecraft:rotten_flesh":117,"gunscraft:laser_sight":2,"alexsmobs:emu_egg":3,"mutantmonsters:mutant_skeleton_shoulder_pad":2,"minecraft:obsidian":19,"minecraft:cobblestone":1742,"minecraft:leather_chestplate":1,"minecraft:magma_cream":4,"gunscraft:vending_machine":5,"minecraft:andesite":6,"minecraft:golden_leggings":4,"biomesoplenty:glowshroom":19,"toughasnails:leaf_helmet":1,"minecraft:potato":540,"gunscraft:hk416":8,"minecraft:tuff":10,"minecraft:wither_skeleton_skull":3,"minecraft:lapis_lazuli":210,"minecraft:dirt":84,"gunscraft:mg3":2,"gunscraft:ar_tactical_stock":2,"minecraft:name_tag":1,"gunscraft:cash":235,"minecraft:leather_boots":12,"minecraft:glass":14,"minecraft:bone":129,"minecraft:acacia_planks":8,"minecraft:bow":16,"minecraft:wheat_seeds":34,"minecraft:raw_gold":295,"minecraft:bamboo":130,"minecraft:oak_planks":5,"minecraft:stone_hoe":4,"aquaculture:atlantic_herring":1,"minecraft:cooked_porkchop":42,"gunscraft:flashlight":3,"minecraft:poisonous_potato":3,"gunscraft:ar_gas_block":1,"minecraft:sand":78,"gunscraft:shotgun_suppressor":1,"minecraft:grass_block":2,"minecraft:spectral_arrow":6,"gunscraft:m870":10,"minecraft:diamond":66,"minecraft:slime_block":2,"waystones:waystone":4,"minecraft:cracked_polished_blackstone_bricks":11,"minecraft:crossbow":2,"minecraft:bone_meal":1,"minecraft:emerald":19,"minecraft:oak_sapling":6,"minecraft:netherrack":131,"minecraft:oak_leaves":131,"mca:bouquet":1,"minecraft:cocoa_beans":3,"minecraft:allium":2,"minecraft:splash_potion":1,"alexsmobs:roadrunner_feather":1,"minecraft:wooden_pickaxe":2,"minecraft:gold_block":65,"minecraft:diamond_horse_armor":3,"minecraft:brick":14,"minecraft:shield":19,"toughasnails:wool_boots":4,"minecraft:oak_trapdoor":1,"minecraft:iron_axe":2,"minecraft:magenta_wool":22,"minecraft:blackstone":165,"minecraft:candle":8,"biomesoplenty:black_sand":13,"gunscraft:fast_scope":1,"minecraft:oak_boat":5,"alexsmobs:elastic_tendon":4,"farmersdelight:golden_knife":3,"minecraft:phantom_membrane":7,"minecraft:raw_iron":384,"minecraft:copper_ingot":4,"minecraft:bowl":1,"minecraft:polished_blackstone_bricks":55,"minecraft:cookie":14,"gunscraft:shotgun_long_mag":1,"minecraft:iron_horse_armor":2,"minecraft:stone_pressure_plate":4,"toughasnails:empty_canteen":4,"minecraft:arrow":181,"minecraft:jungle_stairs":1,"minecraft:nether_bricks":8,"mutantmonsters:mutant_skeleton_rib":6,"gunscraft:pistol_exp_mag":4,"minecraft:saddle":2,"minecraft:skeleton_skull":3,"minecraft:nether_brick_wall":1,"farmersdelight:rich_soil":6,"minecraft:basalt":11,"toughasnails:wool_leggings":5,"biomesoplenty:goldenrod":2,"minecraft:leather":26,"alexsmobs:cachalot_whale_tooth":1,"minecraft:chainmail_chestplate":4,"gunscraft:pistol_9mm":24,"minecraft:gunpowder":54,"minecraft:iron_ingot":50,"minecraft:soul_sand":10,"sophisticatedbackpacks:diamond_backpack":2,"minecraft:book":150,"minecraft:tropical_fish_bucket":1,"minecraft:emerald_block":2,"minecraft:quartz":1,"minecraft:dandelion":2,"gunscraft:scope_x4":1,"minecraft:amethyst_shard":84,"gunscraft:holographic":3,"alexsmobs:lava_bottle":1,"minecraft:white_bed":7,"biomesoplenty:glowing_moss_block":2,"minecraft:spider_eye":17,"gunscraft:m1911":14,"xpbook:xp_tome":1,"minecraft:iron_helmet":7,"minecraft:coal":427},"minecraft:crafted":{"enchantmentmachine:enchantment_block":1,"ironfurnaces:iron_furnace":1,"minecraft:bookshelf":27,"minecraft:cooked_mutton":1,"minecraft:glass":39,"sophisticatedbackpacks:copper_backpack":1,"minecraft:dried_kelp_block":5,"minecraft:glass_bottle":9,"minecraft:emerald":9,"minecraft:cooked_porkchop":14,"minecraft:diamond_axe":2,"minecraft:copper_ingot":8,"gunscraft:vending_machine":1,"minecraft:iron_pickaxe":2,"minecraft:iron_block":1,"minecraft:gold_ingot":742,"minecraft:bone_meal":480,"minecraft:diamond":90,"minecraft:wheat":234,"enchantmentmachine:enchanter_block":1,"minecraft:enchanting_table":1,"sophisticatedbackpacks:gold_backpack":5,"minecraft:iron_shovel":1,"minecraft:iron_leggings":2,"minecraft:white_bed":2,"minecraft:oak_planks":308,"enchantmentmachine:disenchanter_block":1,"toughasnails:leaf_leggings":5,"minecraft:hopper":7,"minecraft:iron_boots":2,"minecraft:bow":2,"minecraft:chest":16,"toughasnails:leaf_helmet":3,"toughasnails:leaf_boots":4,"sophisticatedbackpacks:backpack":2,"minecraft:cauldron":1,"minecraft:crafting_table":6,"minecraft:spruce_planks":20,"minecraft:iron_helmet":2,"minecraft:baked_potato":194,"minecraft:gold_block":61,"minecraft:iron_chestplate":3,"minecraft:diamond_pickaxe":1,"sophisticatedbackpacks:diamond_backpack":1,"minecraft:stick":132,"minecraft:iron_ingot":194,"minecraft:shears":1,"toughasnails:empty_canteen":2,"ironfurnaces:gold_furnace":1,"biomesoplenty:mahogany_planks":4,"minecraft:spruce_button":1,"minecraft:furnace":4,"minecraft:glass_pane":16,"minecraft:iron_axe":2,"minecraft:glistering_melon_slice":1,"sophisticatedbackpacks:iron_backpack":5,"minecraft:cooked_beef":5,"toughasnails:leaf_chestplate":5,"alexsmobs:cooked_kangaroo_meat":1,"minecraft:bucket":13,"minecraft:air":0,"minecraft:bread":79,"minecraft:gold_nugget":27,"minecraft:acacia_planks":136,"minecraft:torch":428,"minecraft:diamond_chestplate":1},"minecraft:used":{"minecraft:moss_block":1,"minecraft:polished_blackstone":3,"minecraft:chest":8,"aquaculture:synodontis":3,"minecraft:lava_bucket":9,"minecraft:grass_block":1,"mutantmonsters:hulk_hammer":4,"minecraft:furnace":14,"minecraft:potato":162,"minecraft:diorite":2,"minecraft:blackstone":18,"minecraft:cookie":20,"minecraft:sand":3,"farmersdelight:rice":1,"biomesoplenty:glowing_moss_carpet":1,"minecraft:diamond_sword":45,"minecraft:fire_charge":3,"minecraft:oak_boat":2,"minecraft:oak_trapdoor":1,"ironfurnaces:gold_furnace":1,"minecraft:polished_blackstone_brick_slab":3,"minecraft:enchanting_table":1,"minecraft:stone_sword":30,"toughasnails:leaf_boots":7,"minecraft:netherrack":18,"minecraft:torch":335,"minecraft:brewing_stand":5,"minecraft:chainmail_chestplate":1,"minecraft:golden_shovel":32,"minecraft:iron_axe":264,"biomesoplenty:redwood_wood":1,"minecraft:spruce_button":1,"minecraft:bamboo":2,"minecraft:diamond_chestplate":1,"minecraft:basalt":3,"enchantmentmachine:enchantment_block":2,"farmersdelight:tomato_seeds":1,"minecraft:cobbled_deepslate":132,"minecraft:calcite":3,"minecraft:water_bucket":75,"minecraft:tube_coral_block":9,"farmersdelight:golden_knife":21,"minecraft:cauldron":1,"minecraft:leather_boots":1,"minecraft:gold_ore":36,"minecraft:polished_blackstone_bricks":14,"minecraft:gilded_blackstone":2,"minecraft:crafting_table":12,"minecraft:white_bed":8,"minecraft:diamond_pickaxe":1810,"minecraft:iron_pickaxe":425,"minecraft:suspicious_stew":1,"farmersdelight:cooked_bacon":1,"minecraft:cobblestone":652,"minecraft:potion":337,"minecraft:cooked_porkchop":7,"minecraft:decorated_pot":10,"minecraft:shield":148,"minecraft:iron_sword":233,"enchantmentmachine:enchanter_block":2,"minecraft:nether_bricks":6,"minecraft:carrot":2,"minecraft:tuff":4,"minecraft:obsidian":12,"farmersdelight:tomato":27,"minecraft:polished_blackstone_brick_wall":4,"minecraft:iron_helmet":1,"minecraft:golden_sword":19,"minecraft:hay_block":2,"minecraft:skeleton_skull":1,"minecraft:golden_boots":1,"minecraft:dark_oak_stairs":1,"minecraft:wither_skeleton_skull":2,"minecraft:sandstone":3,"toughasnails:water_canteen":47,"biomesoplenty:goldenrod":1,"minecraft:shears":156,"waystones:waystone":2,"minecraft:melon_slice":43,"minecraft:bread":53,"enchantmentmachine:disenchanter_block":1,"minecraft:andesite":2,"minecraft:air":11,"minecraft:tropical_fish_bucket":7,"minecraft:golden_pickaxe":16,"minecraft:bone_meal":90,"biomesoplenty:glowing_moss_block":2,"biomesoplenty:glowshroom":16,"minecraft:stone_hoe":15,"minecraft:dirt":16,"minecraft:hopper":9,"toughasnails:empty_canteen":4,"minecraft:diamond_helmet":2,"alexsmobs:cooked_kangaroo_meat":1,"minecraft:granite":9,"minecraft:bookshelf":18,"biomesoplenty:orange_sand":5,"minecraft:iron_boots":1,"minecraft:golden_carrot":1,"alexsmobs:banana":1,"minecraft:cooked_beef":4,"minecraft:iron_leggings":2,"biomesoplenty:black_sand":12,"minecraft:cooked_mutton":1,"toughasnails:leaf_leggings":3,"minecraft:glass_bottle":339,"minecraft:baked_potato":105,"minecraft:red_nether_bricks":5,"minecraft:cobblestone_slab":188,"minecraft:jungle_wood":2,"minecraft:painting":1,"minecraft:apple":10,"minecraft:cracked_polished_blackstone_bricks":3,"minecraft:jungle_stairs":1,"minecraft:cracked_nether_bricks":1,"gunscraft:vending_machine":6,"minecraft:bucket":103},"minecraft:killed_by":{"alexsmobs:straddler":1,"minecraft:zombie":10,"minecraft:husk":2,"minecraft:zombified_piglin":2,"minecraft:wither_skeleton":9,"minecraft:blaze":5,"minecraft:player":7,"minecraft:enderman":1,"minecraft:skeleton":7}},"DataVersion":3465}