{"stats":{"minecraft:picked_up":{"minecraft:crafting_table":2,"farmersdelight:rice":5,"minecraft:suspicious_stew":1,"minecraft:leather":2,"minecraft:lead":2,"minecraft:mourner_pottery_sherd":2,"minecraft:wooden_pickaxe":2,"minecraft:gold_block":3,"minecraft:brick":14,"minecraft:dirt":2,"minecraft:apple":2,"alexsmobs:emu_feather":2,"minecraft:spruce_planks":7,"minecraft:iron_ingot":1,"minecraft:blade_pottery_sherd":1,"minecraft:calcite":1,"minecraft:iron_sword":1,"minecraft:dark_oak_stairs":1,"minecraft:furnace":1,"minecraft:stick":2,"minecraft:bowl":1,"minecraft:porkchop":2,"minecraft:skull_pottery_sherd":4,"minecraft:prize_pottery_sherd":8,"minecraft:white_bed":2,"minecraft:spruce_log":5,"minecraft:carrot":2,"alexsmobs:kangaroo_hide":2,"minecraft:decorated_pot":10,"minecraft:painting":1,"alexsmobs:emu_egg":3,"minecraft:plenty_pottery_sherd":3,"minecraft:mutton":2,"alexsmobs:kangaroo_meat":1,"minecraft:white_wool":10,"minecraft:cobblestone":16},"minecraft:used":{"minecraft:calcite":1,"minecraft:cooked_mutton":1,"minecraft:dark_oak_stairs":1,"minecraft:tube_coral_block":9,"minecraft:decorated_pot":10,"minecraft:iron_sword":65,"minecraft:dirt":2,"minecraft:crafting_table":3,"alexsmobs:cooked_kangaroo_meat":1,"minecraft:carrot":2,"minecraft:white_bed":3,"minecraft:painting":1,"minecraft:bread":1,"minecraft:iron_pickaxe":3,"minecraft:suspicious_stew":1,"minecraft:furnace":1,"minecraft:cooked_porkchop":2,"alexsmobs:banana":1,"minecraft:golden_pickaxe":2},"minecraft:mined":{"minecraft:white_bed":2,"minecraft:crafting_table":2,"minecraft:grass_block":2,"minecraft:calcite":1,"minecraft:decorated_pot":19,"minecraft:furnace":1,"farmersdelight:wild_rice":5,"minecraft:spruce_log":5,"minecraft:gold_block":3,"minecraft:dark_oak_stairs":1,"minecraft:grass":7,"minecraft:white_wool":8},"minecraft:custom":{"minecraft:interact_with_furnace":7,"minecraft:mob_kills":14,"minecraft:interact_with_crafting_table":7,"minecraft:open_barrel":2,"minecraft:time_since_death":47491,"minecraft:sleep_in_bed":2,"minecraft:climb_one_cm":1613,"minecraft:time_since_rest":6701,"minecraft:sprint_one_cm":45560,"minecraft:damage_taken":415,"minecraft:walk_one_cm":67967,"minecraft:drop":4,"minecraft:damage_dealt":2880,"minecraft:swim_one_cm":100504,"minecraft:talked_to_villager":2,"minecraft:fly_one_cm":98171,"minecraft:open_chest":6,"minecraft:crouch_one_cm":2749,"minecraft:play_time":47491,"minecraft:sneak_time":1311,"minecraft:walk_under_water_one_cm":28384,"minecraft:jump":550,"minecraft:walk_on_water_one_cm":25916,"minecraft:total_world_time":47491,"minecraft:fall_one_cm":12844},"minecraft:dropped":{"minecraft:bowl":2,"minecraft:white_bed":1,"minecraft:wooden_pickaxe":1},"minecraft:crafted":{"minecraft:cooked_porkchop":2,"minecraft:crafting_table":1,"minecraft:spruce_planks":20,"alexsmobs:cooked_kangaroo_meat":1,"minecraft:furnace":1,"minecraft:bread":1,"minecraft:cooked_mutton":1,"minecraft:air":0,"minecraft:stick":4,"minecraft:iron_pickaxe":1,"minecraft:white_bed":2},"minecraft:killed":{"minecraft:pig":1,"alexsmobs:seal":2,"minecraft:wandering_trader":1,"alexsmobs:seagull":1,"alexsmobs:emu":2,"minecraft:sheep":1,"minecraft:trader_llama":2,"alexsmobs:elephant":1,"alexsmobs:gazelle":2,"alexsmobs:kangaroo":1}},"DataVersion":3465}