{"stats":{"minecraft:picked_up":{"minecraft:iron_chestplate":5,"minecraft:crafting_table":9,"aquaculture:synodontis":2,"minecraft:suspicious_stew":1,"farmersdelight:rice_panicle":1,"minecraft:lead":2,"minecraft:mourner_pottery_sherd":2,"minecraft:wooden_pickaxe":2,"alexsmobs:roadrunner_feather":1,"minecraft:gold_block":3,"minecraft:golden_shovel":1,"minecraft:golden_sword":2,"minecraft:brewing_stand":1,"minecraft:shield":5,"minecraft:brick":14,"minecraft:string":9,"minecraft:raw_copper":96,"alexsmobs:emu_feather":6,"minecraft:bucket":2,"minecraft:spruce_planks":7,"minecraft:beef":9,"minecraft:calcite":1,"minecraft:poppy":1,"minecraft:iron_pickaxe":8,"biomesoplenty:redwood_wood":1,"minecraft:furnace":5,"minecraft:stick":12,"minecraft:raw_iron":50,"farmersdelight:rotten_tomato":1,"minecraft:torch":81,"minecraft:bowl":1,"minecraft:acacia_log":70,"minecraft:porkchop":10,"farmersdelight:tomato_seeds":24,"minecraft:skull_pottery_sherd":8,"minecraft:diorite":1,"minecraft:carrot":2,"minecraft:arrow":27,"minecraft:rotten_flesh":22,"minecraft:decorated_pot":10,"minecraft:hay_block":13,"farmersdelight:rope":5,"alexsmobs:emu_egg":3,"minecraft:saddle":2,"minecraft:gold_ingot":5,"sophisticatedbackpacks:copper_backpack":4,"minecraft:mutton":2,"minecraft:bone_block":64,"minecraft:cobblestone":776,"alexsmobs:kangaroo_meat":1,"minecraft:white_wool":10,"farmersdelight:rich_soil":6,"farmersdelight:rice":10,"minecraft:andesite":1,"biomesoplenty:goldenrod":2,"minecraft:leather":10,"minecraft:red_mushroom":2,"minecraft:potato":529,"minecraft:flint":4,"minecraft:gunpowder":11,"minecraft:paper":15,"minecraft:lapis_lazuli":18,"minecraft:dirt":41,"farmersdelight:tomato":27,"minecraft:leather_boots":9,"farmersdelight:organic_compost":12,"minecraft:bone":27,"minecraft:acacia_planks":8,"minecraft:apple":2,"minecraft:bow":3,"minecraft:wheat_seeds":5,"minecraft:iron_ingot":23,"minecraft:blade_pottery_sherd":1,"minecraft:stone_hoe":2,"minecraft:iron_sword":9,"minecraft:dark_oak_stairs":1,"alexsmobs:falconry_hood":2,"minecraft:dandelion":2,"minecraft:poisonous_potato":3,"minecraft:sand":23,"minecraft:prize_pottery_sherd":8,"minecraft:white_bed":6,"minecraft:spruce_log":5,"alexsmobs:animal_dictionary":5,"minecraft:spider_eye":7,"alexsmobs:kangaroo_hide":2,"minecraft:diamond":1,"minecraft:stone_axe":1,"waystones:waystone":1,"minecraft:iron_helmet":6,"minecraft:granite":8,"minecraft:painting":1,"minecraft:bread":36,"minecraft:emerald":9,"minecraft:baked_potato":379,"minecraft:plenty_pottery_sherd":3,"minecraft:coal":199},"minecraft:used":{"minecraft:decorated_pot":10,"minecraft:shield":22,"minecraft:iron_sword":173,"minecraft:stone_hoe":15,"minecraft:torch":37,"minecraft:dirt":6,"alexsmobs:cooked_kangaroo_meat":1,"minecraft:carrot":2,"aquaculture:synodontis":2,"minecraft:golden_shovel":32,"minecraft:obsidian":2,"farmersdelight:tomato":3,"biomesoplenty:redwood_wood":1,"minecraft:spruce_button":1,"minecraft:iron_helmet":1,"minecraft:golden_sword":2,"minecraft:furnace":6,"alexsmobs:banana":1,"minecraft:potato":153,"minecraft:cooked_beef":4,"farmersdelight:tomato_seeds":1,"minecraft:calcite":1,"minecraft:cooked_mutton":1,"minecraft:dark_oak_stairs":1,"minecraft:water_bucket":1,"minecraft:tube_coral_block":9,"minecraft:baked_potato":16,"farmersdelight:golden_knife":21,"minecraft:leather_boots":1,"biomesoplenty:goldenrod":1,"minecraft:crafting_table":8,"minecraft:white_bed":7,"farmersdelight:rice":1,"minecraft:painting":1,"waystones:waystone":1,"minecraft:bread":9,"minecraft:iron_pickaxe":286,"minecraft:suspicious_stew":1,"minecraft:cobblestone":21,"minecraft:cooked_porkchop":2,"minecraft:bucket":1,"minecraft:bone_meal":90,"minecraft:golden_pickaxe":2},"minecraft:mined":{"minecraft:white_bed":6,"farmersdelight:rich_soil":6,"minecraft:brewing_stand":1,"minecraft:glow_lichen":1,"minecraft:granite":1,"biomesoplenty:bush":5,"minecraft:grass_block":4,"minecraft:decorated_pot":19,"farmersdelight:tomatoes":1,"biomesoplenty:dune_grass":11,"minecraft:hay_block":13,"minecraft:furnace":5,"farmersdelight:wild_rice":5,"minecraft:iron_ore":49,"minecraft:gold_block":3,"minecraft:dark_oak_stairs":1,"biomesoplenty:sea_oats":18,"biomesoplenty:high_grass":15,"minecraft:potatoes":136,"farmersdelight:rice_panicles":1,"biomesoplenty:barley":3,"minecraft:stone":141,"minecraft:white_wool":8,"farmersdelight:organic_compost":11,"minecraft:crafting_table":5,"minecraft:torch":1,"minecraft:calcite":1,"minecraft:poppy":1,"biomesoplenty:high_grass_plant":48,"minecraft:copper_ore":8,"minecraft:tall_grass":3,"minecraft:cobblestone":1,"farmersdelight:wild_tomatoes":8,"minecraft:diorite":1,"minecraft:wall_torch":1,"biomesoplenty:goldenrod":1,"minecraft:spruce_log":5,"minecraft:grass":25,"minecraft:coal_ore":66,"minecraft:sand":23,"minecraft:dirt":12,"biomesoplenty:redwood_wood":1},"minecraft:custom":{"minecraft:mob_kills":52,"minecraft:interact_with_crafting_table":29,"minecraft:open_barrel":2,"minecraft:leave_game":1,"minecraft:time_since_death":34887,"minecraft:climb_one_cm":1613,"minecraft:sprint_one_cm":195864,"minecraft:walk_one_cm":444696,"minecraft:damage_blocked_by_shield":990,"minecraft:drop":90,"minecraft:talked_to_villager":2,"minecraft:play_time":202071,"minecraft:deaths":6,"minecraft:sneak_time":5633,"minecraft:walk_under_water_one_cm":51645,"minecraft:jump":2880,"minecraft:walk_on_water_one_cm":51978,"minecraft:total_world_time":202071,"minecraft:interact_with_furnace":42,"minecraft:sleep_in_bed":8,"minecraft:time_since_rest":27419,"minecraft:waystone_activated":1,"minecraft:damage_taken":3440,"minecraft:damage_dealt":8571,"minecraft:swim_one_cm":114994,"minecraft:fly_one_cm":367643,"minecraft:open_chest":12,"minecraft:crouch_one_cm":19147,"minecraft:interact_with_smoker":20,"minecraft:fall_one_cm":72800},"minecraft:killed_by":{"minecraft:skeleton":3,"minecraft:zombie":3},"minecraft:dropped":{"farmersdelight:tomato_seeds":9,"minecraft:bread":26,"minecraft:iron_sword":1,"minecraft:porkchop":8,"minecraft:wheat_seeds":5,"minecraft:cooked_beef":1,"minecraft:baked_potato":9,"minecraft:crafting_table":1,"minecraft:poisonous_potato":3,"minecraft:iron_helmet":2,"minecraft:cobblestone":65,"minecraft:granite":7,"minecraft:saddle":1,"minecraft:coal":87,"farmersdelight:rice":5,"minecraft:red_mushroom":2,"minecraft:stick":2,"minecraft:dirt":10,"biomesoplenty:goldenrod":1,"minecraft:diorite":1,"minecraft:gold_nugget":4,"minecraft:bone_meal":318,"minecraft:iron_pickaxe":2,"minecraft:acacia_planks":2,"minecraft:skull_pottery_sherd":4,"minecraft:dandelion":2,"farmersdelight:rotten_tomato":1,"minecraft:furnace":1,"minecraft:bowl":2,"minecraft:raw_iron":1,"minecraft:rotten_flesh":21,"minecraft:golden_shovel":1,"minecraft:white_bed":1,"minecraft:shield":1,"minecraft:iron_chestplate":1,"minecraft:andesite":1,"minecraft:leather_boots":1,"minecraft:spider_eye":4,"minecraft:wooden_pickaxe":1},"minecraft:broken":{"minecraft:golden_shovel":1,"minecraft:iron_pickaxe":1},"minecraft:killed":{"minecraft:spider":1,"alexsmobs:seagull":1,"minecraft:horse":3,"minecraft:skeleton":9,"minecraft:drowned":3,"alexsmobs:kangaroo":1,"minecraft:pig":1,"alexsmobs:seal":2,"minecraft:wandering_trader":1,"alexsmobs:emu":2,"minecraft:sheep":1,"minecraft:trader_llama":2,"minecraft:zombie":16,"alexsmobs:elephant":1,"alexsmobs:gazelle":2,"minecraft:enderman":1,"minecraft:cow":3},"minecraft:crafted":{"minecraft:spruce_button":1,"minecraft:furnace":2,"minecraft:bone_meal":408,"minecraft:cooked_mutton":1,"sophisticatedbackpacks:copper_backpack":1,"minecraft:chest":1,"minecraft:wheat":117,"minecraft:cooked_beef":5,"sophisticatedbackpacks:backpack":1,"minecraft:cooked_porkchop":2,"minecraft:crafting_table":4,"minecraft:spruce_planks":20,"minecraft:baked_potato":130,"minecraft:iron_helmet":2,"alexsmobs:cooked_kangaroo_meat":1,"minecraft:copper_ingot":8,"minecraft:bucket":1,"minecraft:bread":40,"minecraft:air":0,"minecraft:iron_chestplate":2,"minecraft:stick":16,"minecraft:iron_ingot":36,"minecraft:iron_pickaxe":2,"minecraft:white_bed":2,"minecraft:acacia_planks":24,"minecraft:torch":32}},"DataVersion":3465}