{"stats":{"minecraft:killed_by":{"minecraft:skeleton":3,"minecraft:zombie":3},"minecraft:dropped":{"farmersdelight:tomato_seeds":9,"minecraft:bread":26,"minecraft:iron_sword":1,"minecraft:porkchop":8,"minecraft:wheat_seeds":19,"minecraft:cooked_beef":1,"minecraft:baked_potato":10,"minecraft:crafting_table":1,"minecraft:poisonous_potato":3,"minecraft:iron_helmet":2,"minecraft:cobblestone":71,"minecraft:leather":1,"minecraft:granite":8,"minecraft:saddle":1,"gunscraft:suppressor":1,"gunscraft:m1911":2,"minecraft:coal":87,"minecraft:leather_helmet":1,"farmersdelight:rice":5,"minecraft:red_mushroom":2,"minecraft:stick":3,"minecraft:dirt":10,"biomesoplenty:goldenrod":1,"minecraft:diorite":1,"gunscraft:pistol_ammo_provider":1,"minecraft:torch":1,"minecraft:gold_nugget":4,"minecraft:bone_meal":318,"minecraft:iron_pickaxe":2,"minecraft:string":3,"minecraft:acacia_planks":2,"minecraft:skull_pottery_sherd":4,"minecraft:redstone":2,"minecraft:dandelion":2,"minecraft:gravel":5,"farmersdelight:rotten_tomato":1,"minecraft:furnace":1,"minecraft:cobbled_deepslate":19,"minecraft:raw_copper":3,"minecraft:bowl":2,"minecraft:tuff":2,"gunscraft:laser_sight":1,"minecraft:raw_iron":1,"minecraft:rotten_flesh":27,"minecraft:iron_boots":1,"gunscraft:holographic":1,"minecraft:golden_shovel":1,"minecraft:white_bed":1,"minecraft:shield":1,"minecraft:iron_chestplate":1,"minecraft:andesite":1,"gunscraft:pistol_exp_mag":2,"minecraft:leather_boots":3,"minecraft:leather_leggings":1,"minecraft:spider_eye":6,"minecraft:wooden_pickaxe":1},"minecraft:crafted":{"minecraft:spruce_button":1,"minecraft:furnace":2,"minecraft:bone_meal":408,"minecraft:cooked_mutton":1,"minecraft:glass_pane":16,"minecraft:glass":23,"minecraft:hopper":1,"minecraft:iron_boots":2,"sophisticatedbackpacks:copper_backpack":1,"minecraft:chest":3,"sophisticatedbackpacks:iron_backpack":1,"minecraft:wheat":117,"minecraft:cooked_beef":5,"sophisticatedbackpacks:backpack":1,"minecraft:cooked_porkchop":2,"minecraft:crafting_table":4,"minecraft:spruce_planks":20,"minecraft:baked_potato":132,"minecraft:iron_helmet":2,"alexsmobs:cooked_kangaroo_meat":1,"minecraft:copper_ingot":8,"minecraft:bucket":1,"minecraft:bread":40,"minecraft:air":0,"minecraft:iron_chestplate":3,"minecraft:diamond_pickaxe":1,"minecraft:stick":28,"gunscraft:vending_machine":1,"minecraft:iron_ingot":73,"minecraft:iron_pickaxe":2,"minecraft:iron_block":1,"minecraft:iron_leggings":1,"minecraft:gold_ingot":30,"minecraft:white_bed":2,"minecraft:acacia_planks":44,"minecraft:torch":76},"minecraft:broken":{"minecraft:golden_shovel":1,"minecraft:iron_pickaxe":1},"minecraft:killed":{"minecraft:spider":2,"alexsmobs:murmur":2,"alexsmobs:seagull":1,"minecraft:horse":3,"minecraft:skeleton":11,"alexsmobs:centipede_head":2,"minecraft:drowned":3,"alexsmobs:kangaroo":1,"minecraft:pig":1,"alexsmobs:seal":2,"minecraft:wandering_trader":1,"alexsmobs:emu":2,"minecraft:sheep":1,"minecraft:trader_llama":2,"minecraft:zombie":19,"alexsmobs:elephant":1,"alexsmobs:gazelle":2,"minecraft:enderman":1,"minecraft:cow":3},"minecraft:mined":{"minecraft:tuff":3,"minecraft:white_bed":6,"farmersdelight:rich_soil":6,"minecraft:brewing_stand":1,"minecraft:obsidian":17,"minecraft:glow_lichen":1,"minecraft:granite":2,"biomesoplenty:bush":5,"minecraft:grass_block":4,"minecraft:decorated_pot":19,"minecraft:redstone_wire":2,"farmersdelight:tomatoes":1,"biomesoplenty:dune_grass":11,"minecraft:hay_block":13,"minecraft:cobbled_deepslate":2,"minecraft:furnace":12,"farmersdelight:wild_rice":5,"minecraft:iron_ore":63,"minecraft:gold_block":3,"minecraft:dark_oak_stairs":1,"biomesoplenty:sea_oats":18,"minecraft:potatoes":136,"biomesoplenty:high_grass":15,"minecraft:deepslate_iron_ore":40,"farmersdelight:rice_panicles":1,"biomesoplenty:barley":3,"minecraft:stone":150,"minecraft:white_wool":8,"minecraft:deepslate_redstone_ore":10,"farmersdelight:organic_compost":11,"minecraft:torch":3,"minecraft:crafting_table":6,"minecraft:calcite":1,"minecraft:poppy":1,"gunscraft:vending_machine":1,"biomesoplenty:high_grass_plant":48,"minecraft:copper_ore":8,"minecraft:tall_grass":3,"minecraft:cobblestone":3,"farmersdelight:wild_tomatoes":8,"minecraft:deepslate_gold_ore":3,"minecraft:diorite":1,"minecraft:wall_torch":3,"biomesoplenty:goldenrod":1,"minecraft:spruce_log":5,"minecraft:grass":25,"minecraft:coal_ore":66,"minecraft:dirt":12,"minecraft:sand":23,"biomesoplenty:redwood_wood":1,"minecraft:deepslate":35},"minecraft:used":{"minecraft:iron_sword":197,"minecraft:decorated_pot":10,"minecraft:shield":34,"minecraft:stone_hoe":15,"minecraft:torch":81,"minecraft:dirt":6,"alexsmobs:cooked_kangaroo_meat":1,"minecraft:carrot":2,"minecraft:tuff":2,"aquaculture:synodontis":3,"minecraft:golden_shovel":32,"minecraft:obsidian":2,"farmersdelight:tomato":3,"biomesoplenty:redwood_wood":1,"minecraft:spruce_button":1,"minecraft:iron_helmet":1,"minecraft:golden_sword":2,"minecraft:cooked_beef":4,"minecraft:furnace":7,"farmersdelight:tomato_seeds":1,"alexsmobs:banana":1,"minecraft:cobbled_deepslate":23,"minecraft:potato":153,"minecraft:cooked_mutton":1,"minecraft:calcite":1,"minecraft:dark_oak_stairs":1,"minecraft:water_bucket":3,"minecraft:tube_coral_block":9,"minecraft:baked_potato":27,"farmersdelight:golden_knife":21,"minecraft:leather_boots":1,"biomesoplenty:goldenrod":1,"minecraft:crafting_table":9,"minecraft:white_bed":7,"farmersdelight:rice":1,"minecraft:painting":1,"waystones:waystone":1,"minecraft:diamond_pickaxe":24,"minecraft:iron_pickaxe":408,"minecraft:bread":9,"minecraft:suspicious_stew":1,"gunscraft:vending_machine":1,"minecraft:cobblestone":29,"minecraft:cooked_porkchop":2,"minecraft:bucket":4,"minecraft:golden_pickaxe":2,"minecraft:bone_meal":90},"minecraft:custom":{"minecraft:mob_kills":62,"minecraft:interact_with_crafting_table":50,"minecraft:open_barrel":2,"minecraft:leave_game":3,"minecraft:time_since_death":145341,"minecraft:climb_one_cm":1613,"minecraft:sprint_one_cm":229069,"minecraft:walk_one_cm":600540,"minecraft:damage_blocked_by_shield":1727,"minecraft:drop":126,"minecraft:talked_to_villager":2,"minecraft:play_time":312525,"minecraft:sneak_time":8430,"minecraft:deaths":6,"minecraft:walk_under_water_one_cm":60191,"minecraft:jump":3641,"minecraft:walk_on_water_one_cm":75270,"minecraft:total_world_time":312525,"minecraft:interact_with_furnace":61,"minecraft:sleep_in_bed":8,"minecraft:time_since_rest":137873,"minecraft:waystone_activated":1,"minecraft:damage_taken":3998,"minecraft:damage_dealt":9885,"minecraft:swim_one_cm":114994,"minecraft:fly_one_cm":411999,"minecraft:open_chest":12,"minecraft:crouch_one_cm":28982,"minecraft:interact_with_smoker":20,"minecraft:fall_one_cm":88955},"minecraft:picked_up":{"minecraft:iron_chestplate":5,"minecraft:crafting_table":10,"aquaculture:synodontis":3,"minecraft:suspicious_stew":1,"minecraft:leather_leggings":1,"minecraft:lead":2,"farmersdelight:rice_panicle":1,"minecraft:mourner_pottery_sherd":2,"gunscraft:pistol_ammo_provider":2,"minecraft:wooden_pickaxe":2,"alexsmobs:roadrunner_feather":1,"minecraft:gold_block":3,"minecraft:golden_shovel":1,"minecraft:brewing_stand":1,"minecraft:golden_sword":2,"minecraft:brick":14,"minecraft:shield":5,"minecraft:string":9,"minecraft:raw_copper":96,"alexsmobs:emu_feather":6,"minecraft:cobbled_deepslate":44,"minecraft:spruce_planks":7,"minecraft:bucket":2,"minecraft:beef":9,"alexsmobs:elastic_tendon":2,"minecraft:calcite":1,"minecraft:iron_pickaxe":8,"minecraft:poppy":1,"biomesoplenty:redwood_wood":1,"gunscraft:suppressor":2,"minecraft:furnace":11,"minecraft:raw_iron":113,"minecraft:stick":12,"farmersdelight:rotten_tomato":1,"minecraft:torch":88,"minecraft:bowl":1,"minecraft:acacia_log":70,"minecraft:porkchop":10,"farmersdelight:tomato_seeds":24,"minecraft:skull_pottery_sherd":8,"minecraft:diorite":1,"minecraft:carrot":2,"minecraft:redstone":46,"alexsmobs:centipede_leg":2,"minecraft:arrow":31,"minecraft:rotten_flesh":28,"gunscraft:laser_sight":2,"minecraft:decorated_pot":10,"minecraft:hay_block":13,"farmersdelight:rope":5,"gunscraft:pistol_exp_mag":3,"alexsmobs:emu_egg":3,"minecraft:saddle":2,"minecraft:gold_ingot":5,"sophisticatedbackpacks:copper_backpack":4,"alexsmobs:kangaroo_meat":1,"minecraft:mutton":2,"minecraft:obsidian":16,"minecraft:bone_block":64,"minecraft:white_wool":10,"minecraft:cobblestone":789,"farmersdelight:rich_soil":6,"farmersdelight:rice":10,"minecraft:andesite":1,"gunscraft:vending_machine":1,"biomesoplenty:goldenrod":2,"minecraft:leather":10,"minecraft:red_mushroom":2,"minecraft:potato":529,"alexsmobs:bison_fur":2,"minecraft:flint":4,"minecraft:tuff":4,"minecraft:gunpowder":11,"farmersdelight:tomato":27,"minecraft:dirt":41,"minecraft:lapis_lazuli":18,"minecraft:paper":15,"gunscraft:cash":55,"farmersdelight:organic_compost":12,"minecraft:leather_boots":10,"minecraft:bone":30,"minecraft:acacia_planks":8,"minecraft:apple":2,"minecraft:bow":3,"minecraft:wheat_seeds":19,"minecraft:raw_gold":3,"minecraft:iron_ingot":23,"minecraft:blade_pottery_sherd":1,"minecraft:iron_sword":9,"minecraft:stone_hoe":2,"minecraft:dark_oak_stairs":1,"alexsmobs:falconry_hood":2,"minecraft:dandelion":2,"minecraft:poisonous_potato":3,"minecraft:gravel":5,"minecraft:sand":23,"gunscraft:holographic":2,"minecraft:prize_pottery_sherd":8,"minecraft:white_bed":6,"minecraft:spruce_log":5,"minecraft:spider_eye":8,"alexsmobs:animal_dictionary":5,"minecraft:leather_helmet":1,"alexsmobs:kangaroo_hide":2,"minecraft:diamond":2,"gunscraft:m1911":3,"minecraft:stone_axe":1,"waystones:waystone":1,"minecraft:iron_helmet":6,"minecraft:granite":9,"minecraft:painting":1,"minecraft:emerald":9,"minecraft:bread":36,"minecraft:baked_potato":380,"minecraft:plenty_pottery_sherd":3,"minecraft:coal":199}},"DataVersion":3465}