{"stats":{"minecraft:crafted":{"minecraft:crafting_table":1,"minecraft:wooden_pickaxe":1,"minecraft:baked_potato":2,"minecraft:furnace":1,"minecraft:stone_axe":1,"minecraft:bread":15,"minecraft:air":0,"minecraft:dark_oak_door":3,"minecraft:stick":8,"minecraft:stone_pickaxe":1,"minecraft:stone_sword":1,"minecraft:white_bed":1,"minecraft:dark_oak_planks":24,"minecraft:torch":32,"minecraft:wheat":45},"minecraft:killed":{"alexsmobs:raccoon":2,"minecraft:skeleton":1,"minecraft:pillager":12,"alexsmobs:bison":2},"minecraft:used":{"minecraft:stone_sword":100,"minecraft:stone_pickaxe":44,"minecraft:baked_potato":2,"minecraft:poppy":1,"minecraft:wooden_pickaxe":10,"minecraft:torch":3,"farmersdelight:onion":5,"minecraft:dirt":7,"minecraft:sand":11,"minecraft:crafting_table":4,"minecraft:carrot":7,"minecraft:white_bed":3,"minecraft:dark_oak_door":1,"minecraft:cornflower":1,"minecraft:oxeye_daisy":2,"minecraft:dark_oak_log":1,"minecraft:bread":10,"minecraft:stone_axe":35,"minecraft:furnace":1,"minecraft:goat_horn":1,"minecraft:dandelion":2},"minecraft:picked_up":{"minecraft:birch_log":1,"minecraft:crafting_table":5,"minecraft:lilac":1,"minecraft:tripwire_hook":1,"biomesoplenty:fir_log":2,"minecraft:gunpowder":2,"minecraft:cornflower":1,"minecraft:dirt":33,"minecraft:white_banner":10,"minecraft:bone":5,"minecraft:beef":19,"minecraft:stone_pickaxe":1,"minecraft:poppy":1,"minecraft:sugar_cane":13,"minecraft:chest":1,"minecraft:furnace":2,"minecraft:stick":8,"minecraft:raw_iron":5,"minecraft:torch":2,"minecraft:dandelion":2,"minecraft:gravel":2,"minecraft:sand":15,"minecraft:white_bed":3,"minecraft:dark_oak_log":31,"minecraft:goat_horn":1,"minecraft:stone_sword":1,"minecraft:arrow":5,"minecraft:rotten_flesh":2,"minecraft:stone_axe":1,"farmersdelight:onion":2,"k_turrets:raw_titanium":8,"minecraft:hay_block":9,"minecraft:crossbow":1,"minecraft:bread":1,"minecraft:coal":11,"minecraft:stripped_dark_oak_log":1,"minecraft:dark_oak_fence":12,"minecraft:cobblestone":46,"minecraft:white_wool":17,"minecraft:oxeye_daisy":2},"minecraft:killed_by":{"minecraft:skeleton":2,"alexsmobs:bison":1},"minecraft:dropped":{"minecraft:gravel":2,"minecraft:stick":1},"minecraft:mined":{"minecraft:white_bed":2,"minecraft:stripped_dark_oak_log":1,"minecraft:dark_oak_log":17,"minecraft:powder_snow":1,"minecraft:crafting_table":4,"minecraft:torch":1,"minecraft:dark_oak_fence":6,"minecraft:grass_block":4,"minecraft:cobblestone":16,"minecraft:tall_grass":3,"biomesoplenty:sprout":1,"minecraft:sugar_cane":6,"biomesoplenty:tundra_shrub":4,"minecraft:hay_block":6,"minecraft:birch_planks":1,"minecraft:furnace":1,"minecraft:birch_log":1,"minecraft:iron_ore":3,"minecraft:ice":3,"minecraft:lilac":2,"biomesoplenty:fir_log":2,"minecraft:white_wall_banner":8,"k_turrets:titanium_ore":8,"minecraft:grass":14,"minecraft:gravel":1,"minecraft:dirt":3,"minecraft:stone":24,"minecraft:white_wool":10,"biomesoplenty:reed":2,"minecraft:fern":2},"minecraft:custom":{"minecraft:interact_with_furnace":3,"minecraft:mob_kills":20,"minecraft:interact_with_crafting_table":11,"minecraft:leave_game":2,"minecraft:time_since_death":15594,"minecraft:sleep_in_bed":3,"minecraft:time_since_rest":8967,"minecraft:sprint_one_cm":96059,"minecraft:damage_taken":1525,"minecraft:walk_one_cm":147457,"minecraft:drop":3,"minecraft:damage_dealt":4672,"minecraft:swim_one_cm":50274,"minecraft:fly_one_cm":184153,"minecraft:open_chest":4,"minecraft:crouch_one_cm":7598,"minecraft:play_time":57226,"minecraft:deaths":3,"minecraft:sneak_time":2312,"minecraft:walk_under_water_one_cm":22479,"minecraft:boat_one_cm":24743,"minecraft:jump":1034,"minecraft:walk_on_water_one_cm":21991,"minecraft:total_world_time":57226,"minecraft:fall_one_cm":27130}},"DataVersion":3465}