{"stats":{"minecraft:broken":{"toughasnails:leaf_chestplate":3,"minecraft:golden_sword":1,"minecraft:stone_sword":1,"toughasnails:water_canteen":3,"minecraft:shield":1,"minecraft:iron_pickaxe":1,"minecraft:golden_shovel":1,"toughasnails:leaf_leggings":3},"minecraft:killed":{"minecraft:cave_spider":1,"alexsmobs:lobster":1,"alexsmobs:murmur":4,"minecraft:skeleton":61,"alexsmobs:leafcutter_ant":7,"alexsmobs:straddler":9,"alexsmobs:centipede_head":12,"minecraft:cat":1,"minecraft:magma_cube":37,"alexsmobs:seal":7,"mutantmonsters:mutant_skeleton":1,"minecraft:zombie":76,"alexsmobs:cachalot_whale":5,"minecraft:cow":3,"mca:male_zombie_villager":1,"alexsmobs:seagull":1,"minecraft:horse":3,"alexsmobs:murmur_head":1,"minecraft:wandering_trader":3,"alexsmobs:elephant":1,"minecraft:enderman":7,"minecraft:witch":2,"minecraft:zombified_piglin":4,"minecraft:spider":17,"minecraft:piglin_brute":12,"alexsmobs:kangaroo":1,"minecraft:piglin":8,"minecraft:pig":2,"alexsmobs:stradpole":7,"minecraft:strider":1,"minecraft:creeper":42,"minecraft:sheep":1,"minecraft:trader_llama":6,"minecraft:ghast":6,"minecraft:blaze":32,"minecraft:phantom":16,"alexsmobs:bison":2,"minecraft:drowned":10,"alexsmobs:flying_fish":1,"minecraft:bat":1,"minecraft:hoglin":16,"minecraft:squid":1,"alexsmobs:emu":2,"alexsmobs:gazelle":2,"minecraft:wither_skeleton":10},"minecraft:dropped":{"sophisticatedbackpacks:iron_backpack":3,"farmersdelight:iron_knife":1,"minecraft:iron_sword":6,"minecraft:lapis_lazuli":1,"minecraft:porkchop":9,"minecraft:cooked_beef":1,"minecraft:crafting_table":2,"minecraft:glass_bottle":46,"minecraft:diamond":11,"minecraft:crossbow":1,"biomesoplenty:black_sand":1,"minecraft:cookie":14,"farmersdelight:cooked_bacon":3,"minecraft:saddle":1,"minecraft:leather_helmet":1,"minecraft:red_mushroom":3,"minecraft:emerald":1,"sophisticatedbackpacks:gold_backpack":4,"minecraft:dirt":16,"alexsmobs:flying_fish":2,"minecraft:gold_nugget":8,"minecraft:bone_meal":391,"minecraft:phantom_membrane":1,"minecraft:sand":1,"minecraft:sugar":1,"minecraft:iron_pickaxe":2,"minecraft:bone":2,"minecraft:iron_nugget":3,"minecraft:golden_chestplate":3,"minecraft:cobbled_deepslate":21,"minecraft:nether_brick":14,"minecraft:wheat":4,"minecraft:rotten_flesh":81,"minecraft:glowstone_dust":1,"minecraft:golden_shovel":1,"minecraft:white_bed":1,"farmersdelight:rice_panicle":3,"gunscraft:big_cal_ammo_provider":2,"minecraft:leather_boots":5,"minecraft:leather_leggings":1,"minecraft:glass":3,"gunscraft:mini_m249":1,"farmersdelight:tomato_seeds":9,"minecraft:iron_ingot":1,"minecraft:wheat_seeds":33,"farmersdelight:skillet":1,"minecraft:polished_blackstone":2,"minecraft:horn_coral_block":30,"minecraft:iron_helmet":4,"minecraft:cobblestone":89,"minecraft:granite":8,"minecraft:chainmail_helmet":1,"minecraft:coal":88,"minecraft:dried_kelp_block":1,"gunscraft:cash":11,"biomesoplenty:goldenrod":1,"minecraft:ink_sac":3,"alexsmobs:leafcutter_ant_chamber":1,"minecraft:potion":6,"minecraft:mud":1,"biomesoplenty:glowshroom":3,"toughasnails:leaf_leggings":1,"minecraft:string":6,"minecraft:acacia_planks":2,"minecraft:skull_pottery_sherd":4,"minecraft:furnace":1,"toughasnails:empty_canteen":3,"minecraft:stone_sword":1,"minecraft:bowl":2,"alexsmobs:pigshoes":2,"minecraft:iron_boots":1,"minecraft:slime_block":1,"minecraft:suspicious_stew":1,"minecraft:potato":83,"minecraft:allium":2,"gunscraft:shotgun_ammo_provider":7,"minecraft:diamond_pickaxe":3,"gunscraft:pistol_9mm":3,"minecraft:spider_eye":13,"minecraft:bow":9,"waystones:waystone":1,"minecraft:soul_sand":8,"minecraft:baked_potato":68,"mca:bouquet":1,"minecraft:leather":2,"gunscraft:m1911":4,"farmersdelight:rice":5,"minecraft:cracked_polished_blackstone_bricks":5,"minecraft:polished_blackstone_brick_stairs":4,"minecraft:gilded_blackstone":3,"minecraft:polished_blackstone_bricks":20,"gunscraft:m82a1":2,"minecraft:glistering_melon_slice":1,"minecraft:cauldron":2,"minecraft:gold_ingot":23,"minecraft:gravel":49,"minecraft:blackstone":80,"gunscraft:holographic":1,"gunscraft:sniper_scope":1,"minecraft:carrot":4,"minecraft:gunpowder":2,"minecraft:skeleton_skull":1,"minecraft:basalt":8,"minecraft:iron_bars":2,"minecraft:arrow":2,"minecraft:quartz":1,"minecraft:oak_leaves":24,"alexsmobs:lava_bottle":1,"minecraft:netherrack":1,"minecraft:water_bucket":4,"minecraft:stone_hoe":1,"minecraft:bread":51,"minecraft:golden_helmet":2,"gunscraft:m870":4,"minecraft:poisonous_potato":3,"minecraft:amethyst_block":8,"minecraft:nether_brick_wall":1,"minecraft:tropical_fish":1,"minecraft:grass_block":1,"gunscraft:suppressor":1,"minecraft:stick":4,"minecraft:diorite":4,"gunscraft:pistol_ammo_provider":10,"minecraft:torch":96,"minecraft:melon_slice":39,"toughasnails:leaf_boots":4,"minecraft:fire_charge":2,"minecraft:iron_leggings":1,"toughasnails:leaf_helmet":1,"minecraft:polished_blackstone_brick_slab":7,"minecraft:iron_axe":1,"farmersdelight:rich_soil":6,"minecraft:dandelion":2,"minecraft:redstone":2,"minecraft:smooth_basalt":1,"farmersdelight:rotten_tomato":1,"toughasnails:leaf_chestplate":7,"minecraft:raw_copper":68,"minecraft:tuff":6,"gunscraft:laser_sight":1,"minecraft:raw_iron":2,"minecraft:filled_map":2,"minecraft:shield":3,"minecraft:iron_chestplate":2,"minecraft:andesite":4,"gunscraft:pistol_exp_mag":2,"minecraft:oak_boat":1,"minecraft:golden_leggings":2,"minecraft:oak_sapling":6,"minecraft:golden_sword":1,"minecraft:wooden_pickaxe":1,"minecraft:calcite":1},"minecraft:mined":{"biomesoplenty:mossy_black_sand":1,"minecraft:white_bed":7,"alexsmobs:leafcutter_anthill":2,"minecraft:jungle_leaves":1,"minecraft:red_nether_bricks":7,"minecraft:obsidian":17,"minecraft:granite":11,"minecraft:hopper":3,"minecraft:nether_wart":26,"minecraft:spawner":6,"minecraft:polished_blackstone_bricks":17,"minecraft:tall_seagrass":9,"minecraft:cobbled_deepslate":19,"minecraft:fire":11,"minecraft:deepslate_lapis_ore":4,"biomesoplenty:glowshroom_block":31,"farmersdelight:rice_panicles":1,"minecraft:iron_block":2,"minecraft:kelp_plant":10,"minecraft:amethyst_cluster":12,"minecraft:torch":8,"minecraft:melon":25,"gunscraft:vending_machine":5,"minecraft:amethyst_block":5,"minecraft:skeleton_skull":1,"minecraft:grass":31,"minecraft:smooth_basalt":2,"minecraft:deepslate":182,"minecraft:nether_brick_wall":1,"minecraft:nether_bricks":6,"minecraft:redstone_wire":2,"alexsmobs:leafcutter_ant_chamber":1,"minecraft:moss_block":1,"minecraft:kelp":4,"biomesoplenty:dune_grass":11,"minecraft:redstone_ore":5,"minecraft:andesite":4,"minecraft:potatoes":136,"biomesoplenty:high_grass":15,"biomesoplenty:barley":3,"minecraft:white_wool":8,"biomesoplenty:black_sand":1,"minecraft:polished_blackstone_brick_wall":3,"biomesoplenty:high_grass_plant":48,"minecraft:tall_grass":3,"minecraft:copper_ore":10,"minecraft:deepslate_gold_ore":87,"farmersdelight:wild_tomatoes":8,"minecraft:diorite":4,"minecraft:purple_wool":9,"minecraft:spruce_log":5,"minecraft:gravel":2,"minecraft:cobweb":46,"minecraft:polished_blackstone":5,"minecraft:gold_ore":12,"minecraft:fern":14,"minecraft:large_amethyst_bud":1,"biomesoplenty:glowshroom":9,"farmersdelight:rich_soil":6,"minecraft:brewing_stand":3,"minecraft:grass_block":7,"minecraft:cracked_polished_blackstone_bricks":7,"minecraft:polished_blackstone_brick_slab":6,"minecraft:gilded_blackstone":4,"farmersdelight:wild_rice":5,"minecraft:iron_ore":136,"minecraft:dark_oak_stairs":1,"enchantmentmachine:enchanter_block":1,"minecraft:iron_bars":2,"minecraft:deepslate_redstone_ore":10,"minecraft:blackstone":32,"farmersdelight:organic_compost":11,"biomesoplenty:glowing_moss_carpet":1,"minecraft:calcite":4,"minecraft:poppy":1,"minecraft:chest":2,"minecraft:mushroom_stem":4,"minecraft:nether_quartz_ore":1,"minecraft:cobblestone":4,"minecraft:wall_torch":5,"minecraft:cauldron":3,"biomesoplenty:goldenrod":1,"minecraft:seagrass":1,"minecraft:oak_log":138,"minecraft:sand":45,"minecraft:dirt":15,"minecraft:wither_skeleton_skull":1,"minecraft:netherrack":76,"minecraft:oak_leaves":181,"minecraft:magenta_wool":9,"biomesoplenty:glowing_moss_block":4,"minecraft:nether_gold_ore":29,"minecraft:tuff":9,"minecraft:deepslate_diamond_ore":9,"minecraft:glow_lichen":1,"biomesoplenty:bush":5,"minecraft:decorated_pot":19,"farmersdelight:tomatoes":1,"minecraft:cracked_nether_bricks":1,"minecraft:sandstone":3,"minecraft:hay_block":20,"minecraft:furnace":13,"minecraft:gold_block":33,"biomesoplenty:sea_oats":18,"minecraft:bookshelf":51,"minecraft:deepslate_iron_ore":145,"minecraft:stone":245,"minecraft:basalt":1,"minecraft:crafting_table":7,"biomesoplenty:sprout":3,"minecraft:lapis_ore":6,"minecraft:polished_blackstone_brick_stairs":3,"minecraft:sculk":114,"minecraft:coal_ore":165,"biomesoplenty:redwood_wood":1},"minecraft:picked_up":{"minecraft:iron_chestplate":9,"minecraft:suspicious_stew":2,"minecraft:diamond_sword":4,"minecraft:lead":6,"gunscraft:pistol_ammo_provider":39,"farmersdelight:rice_panicle":3,"minecraft:enchanted_book":1,"minecraft:golden_shovel":1,"minecraft:brewing_stand":3,"minecraft:golden_sword":10,"minecraft:amethyst_block":8,"minecraft:polished_blackstone_brick_stairs":7,"minecraft:string":88,"minecraft:red_nether_bricks":7,"alexsmobs:emu_feather":6,"minecraft:gold_nugget":75,"minecraft:cobbled_deepslate":244,"minecraft:spruce_planks":7,"minecraft:horn_coral_block":60,"toughasnails:leaf_boots":12,"biomesoplenty:redwood_wood":1,"minecraft:melon_slice":171,"gunscraft:suppressor":5,"minecraft:golden_helmet":3,"minecraft:polished_blackstone_brick_slab":14,"minecraft:acacia_log":70,"minecraft:golden_axe":1,"minecraft:golden_chestplate":5,"alexsmobs:centipede_leg":15,"minecraft:cauldron":6,"mutantmonsters:mutant_skeleton_pelvis":1,"minecraft:stone_sword":2,"minecraft:tropical_fish":1,"gunscraft:red_dot":1,"minecraft:iron_block":2,"farmersdelight:rope":5,"minecraft:blaze_rod":17,"minecraft:iron_bars":2,"alexsmobs:flying_fish":2,"farmersdelight:rice":10,"minecraft:water_bucket":6,"alexsmobs:bison_fur":2,"minecraft:flint":4,"farmersdelight:cooked_bacon":1,"farmersdelight:tomato":27,"minecraft:diamond_helmet":16,"minecraft:glowstone_dust":1,"minecraft:moss_block":1,"enchantmentmachine:enchanter_block":1,"sophisticatedbackpacks:iron_backpack":7,"minecraft:ink_sac":3,"alexsmobs:animal_dictionary":5,"gunscraft:m82a1":7,"alexsmobs:kangaroo_hide":2,"toughasnails:water_canteen":1,"gunscraft:ak_tactical_stock":1,"minecraft:granite":18,"gunscraft:shotgun_ammo_provider":15,"minecraft:chainmail_helmet":1,"minecraft:bread":80,"minecraft:plenty_pottery_sherd":3,"minecraft:diamond_pickaxe":19,"sophisticatedbackpacks:gold_backpack":18,"minecraft:mud":1,"minecraft:crafting_table":12,"minecraft:purple_wool":10,"minecraft:nether_wart":77,"gunscraft:assault_expansion_mag":1,"minecraft:leather_leggings":1,"minecraft:mourner_pottery_sherd":2,"gunscraft:grip":2,"alexsmobs:pigshoes":3,"minecraft:iron_shovel":2,"minecraft:beef":9,"minecraft:poppy":3,"minecraft:iron_nugget":2,"minecraft:chest":2,"minecraft:sandstone":3,"enchantmentmachine:enchantment_block":1,"gunscraft:big_cal_ammo_provider":5,"alexsmobs:straddlite":2,"sophisticatedbackpacks:backpack":2,"minecraft:fire_charge":26,"farmersdelight:tomato_seeds":24,"minecraft:skull_pottery_sherd":8,"minecraft:carrot":10,"minecraft:redstone":76,"mutantmonsters:creeper_shard":1,"gunscraft:mini_m249":9,"minecraft:decorated_pot":10,"minecraft:hay_block":20,"gunscraft:sniper_scope":2,"minecraft:gold_ingot":214,"sophisticatedbackpacks:copper_backpack":6,"minecraft:polished_blackstone":10,"minecraft:mutton":2,"minecraft:white_wool":10,"minecraft:bone_block":64,"alexsmobs:kangaroo_meat":1,"biomesoplenty:orange_sand":5,"minecraft:red_mushroom":3,"minecraft:filled_map":3,"minecraft:oak_log":144,"minecraft:golden_boots":7,"mutantmonsters:mutant_skeleton_limb":8,"minecraft:paper":15,"minecraft:white_banner":1,"biomesoplenty:glowing_moss_carpet":1,"farmersdelight:organic_compost":12,"minecraft:apple":7,"minecraft:kelp":213,"minecraft:blade_pottery_sherd":1,"minecraft:glass_bottle":42,"minecraft:iron_sword":16,"minecraft:dark_oak_stairs":1,"toughasnails:leaf_chestplate":14,"minecraft:smooth_basalt":1,"gunscraft:rifle_exp_mag":1,"gunscraft:assault_rifle_ammo_provider":13,"alexsmobs:falconry_hood":2,"minecraft:cracked_nether_bricks":1,"minecraft:gravel":49,"minecraft:prize_pottery_sherd":8,"minecraft:spruce_log":5,"minecraft:crying_obsidian":14,"minecraft:leather_helmet":1,"biomesoplenty:mahogany_log":1,"minecraft:firework_rocket":5,"minecraft:slime_ball":6,"minecraft:stone_axe":1,"gunscraft:light_laser_sight":2,"minecraft:painting":1,"minecraft:polished_blackstone_brick_wall":4,"minecraft:baked_potato":479,"minecraft:hopper":3,"minecraft:ender_pearl":8,"toughasnails:leaf_leggings":11,"minecraft:wheat":4,"aquaculture:synodontis":3,"minecraft:potion":19,"minecraft:gilded_blackstone":9,"minecraft:nether_brick":14,"minecraft:raw_copper":105,"mutantmonsters:mutant_skeleton_skull":1,"gunscraft:rifle_ammo_provider":9,"minecraft:iron_leggings":7,"minecraft:bucket":5,"minecraft:calcite":4,"minecraft:iron_pickaxe":18,"minecraft:iron_boots":4,"alexsmobs:leafcutter_ant_chamber":1,"minecraft:furnace":11,"minecraft:tipped_arrow":11,"minecraft:stick":22,"farmersdelight:rotten_tomato":1,"minecraft:torch":162,"minecraft:porkchop":91,"minecraft:diorite":4,"minecraft:nether_gold_ore":60,"minecraft:rotten_flesh":88,"gunscraft:laser_sight":2,"alexsmobs:emu_egg":3,"mutantmonsters:mutant_skeleton_shoulder_pad":2,"minecraft:obsidian":19,"minecraft:cobblestone":971,"minecraft:leather_chestplate":1,"minecraft:magma_cream":4,"gunscraft:vending_machine":5,"minecraft:andesite":6,"minecraft:golden_leggings":4,"biomesoplenty:glowshroom":19,"toughasnails:leaf_helmet":1,"minecraft:potato":540,"gunscraft:hk416":1,"minecraft:tuff":10,"minecraft:wither_skeleton_skull":3,"minecraft:dirt":49,"minecraft:lapis_lazuli":210,"gunscraft:mg3":2,"gunscraft:ar_tactical_stock":1,"minecraft:name_tag":1,"gunscraft:cash":172,"minecraft:leather_boots":12,"minecraft:glass":14,"minecraft:bone":99,"minecraft:acacia_planks":8,"minecraft:bow":16,"minecraft:wheat_seeds":34,"minecraft:raw_gold":216,"minecraft:oak_planks":5,"minecraft:stone_hoe":4,"gunscraft:flashlight":3,"minecraft:poisonous_potato":3,"minecraft:sand":70,"gunscraft:shotgun_suppressor":1,"minecraft:grass_block":2,"minecraft:spectral_arrow":6,"gunscraft:m870":10,"minecraft:diamond":51,"minecraft:slime_block":2,"waystones:waystone":4,"minecraft:cracked_polished_blackstone_bricks":11,"minecraft:crossbow":2,"minecraft:bone_meal":1,"minecraft:emerald":12,"minecraft:oak_sapling":6,"minecraft:netherrack":131,"minecraft:oak_leaves":131,"mca:bouquet":1,"minecraft:cocoa_beans":3,"minecraft:allium":2,"minecraft:splash_potion":1,"minecraft:wooden_pickaxe":2,"alexsmobs:roadrunner_feather":1,"minecraft:gold_block":59,"minecraft:diamond_horse_armor":3,"minecraft:brick":14,"minecraft:shield":14,"toughasnails:wool_boots":2,"minecraft:iron_axe":2,"minecraft:magenta_wool":22,"minecraft:blackstone":165,"biomesoplenty:black_sand":5,"alexsmobs:elastic_tendon":4,"minecraft:oak_boat":3,"farmersdelight:golden_knife":3,"minecraft:phantom_membrane":7,"minecraft:raw_iron":384,"minecraft:bowl":1,"minecraft:polished_blackstone_bricks":55,"minecraft:cookie":14,"gunscraft:shotgun_long_mag":1,"minecraft:iron_horse_armor":2,"toughasnails:empty_canteen":4,"minecraft:arrow":136,"minecraft:jungle_stairs":1,"minecraft:nether_bricks":8,"mutantmonsters:mutant_skeleton_rib":6,"gunscraft:pistol_exp_mag":4,"minecraft:saddle":2,"minecraft:nether_brick_wall":1,"minecraft:skeleton_skull":2,"farmersdelight:rich_soil":6,"minecraft:basalt":11,"toughasnails:wool_leggings":2,"biomesoplenty:goldenrod":2,"minecraft:leather":23,"alexsmobs:cachalot_whale_tooth":1,"minecraft:chainmail_chestplate":4,"gunscraft:pistol_9mm":19,"minecraft:gunpowder":47,"minecraft:iron_ingot":42,"minecraft:soul_sand":10,"sophisticatedbackpacks:diamond_backpack":2,"minecraft:book":150,"minecraft:tropical_fish_bucket":1,"minecraft:quartz":1,"minecraft:dandelion":2,"gunscraft:scope_x4":1,"minecraft:amethyst_shard":84,"gunscraft:holographic":3,"alexsmobs:lava_bottle":1,"minecraft:white_bed":7,"biomesoplenty:glowing_moss_block":2,"minecraft:spider_eye":15,"gunscraft:m1911":14,"minecraft:iron_helmet":7,"minecraft:coal":427},"minecraft:used":{"minecraft:moss_block":1,"minecraft:polished_blackstone":3,"minecraft:chest":6,"aquaculture:synodontis":3,"minecraft:lava_bucket":9,"minecraft:grass_block":1,"minecraft:furnace":14,"minecraft:potato":162,"minecraft:blackstone":18,"minecraft:cookie":20,"minecraft:sand":3,"farmersdelight:rice":1,"biomesoplenty:glowing_moss_carpet":1,"minecraft:diamond_sword":45,"minecraft:fire_charge":3,"minecraft:oak_boat":2,"ironfurnaces:gold_furnace":1,"minecraft:polished_blackstone_brick_slab":3,"minecraft:enchanting_table":1,"minecraft:stone_sword":30,"toughasnails:leaf_boots":7,"minecraft:netherrack":18,"minecraft:torch":266,"minecraft:brewing_stand":3,"minecraft:chainmail_chestplate":1,"minecraft:golden_shovel":32,"biomesoplenty:redwood_wood":1,"minecraft:iron_axe":206,"minecraft:spruce_button":1,"minecraft:basalt":3,"enchantmentmachine:enchantment_block":2,"farmersdelight:tomato_seeds":1,"minecraft:cobbled_deepslate":132,"minecraft:calcite":3,"minecraft:water_bucket":45,"minecraft:tube_coral_block":9,"farmersdelight:golden_knife":21,"minecraft:cauldron":1,"minecraft:leather_boots":1,"minecraft:polished_blackstone_bricks":14,"minecraft:gilded_blackstone":2,"minecraft:crafting_table":12,"minecraft:white_bed":8,"minecraft:diamond_pickaxe":1000,"minecraft:iron_pickaxe":425,"minecraft:suspicious_stew":1,"farmersdelight:cooked_bacon":1,"minecraft:cobblestone":68,"minecraft:potion":255,"minecraft:cooked_porkchop":2,"minecraft:decorated_pot":10,"minecraft:shield":129,"minecraft:iron_sword":233,"enchantmentmachine:enchanter_block":2,"minecraft:nether_bricks":6,"minecraft:carrot":2,"minecraft:tuff":4,"minecraft:obsidian":12,"farmersdelight:tomato":27,"minecraft:polished_blackstone_brick_wall":4,"minecraft:iron_helmet":1,"minecraft:golden_sword":19,"minecraft:hay_block":2,"minecraft:skeleton_skull":1,"minecraft:golden_boots":1,"minecraft:dark_oak_stairs":1,"minecraft:wither_skeleton_skull":2,"minecraft:sandstone":3,"toughasnails:water_canteen":47,"biomesoplenty:goldenrod":1,"minecraft:shears":156,"waystones:waystone":2,"minecraft:bread":45,"minecraft:melon_slice":43,"enchantmentmachine:disenchanter_block":1,"minecraft:andesite":2,"minecraft:tropical_fish_bucket":7,"minecraft:air":11,"minecraft:bone_meal":90,"minecraft:golden_pickaxe":16,"biomesoplenty:glowing_moss_block":2,"biomesoplenty:glowshroom":16,"minecraft:stone_hoe":15,"minecraft:dirt":8,"minecraft:hopper":5,"toughasnails:empty_canteen":4,"alexsmobs:cooked_kangaroo_meat":1,"minecraft:diamond_helmet":1,"minecraft:granite":9,"minecraft:bookshelf":18,"biomesoplenty:orange_sand":5,"minecraft:golden_carrot":1,"alexsmobs:banana":1,"minecraft:cooked_beef":4,"biomesoplenty:black_sand":4,"minecraft:cooked_mutton":1,"toughasnails:leaf_leggings":3,"minecraft:glass_bottle":257,"minecraft:baked_potato":81,"minecraft:red_nether_bricks":5,"minecraft:painting":1,"minecraft:apple":10,"minecraft:cracked_polished_blackstone_bricks":3,"minecraft:jungle_stairs":1,"minecraft:cracked_nether_bricks":1,"gunscraft:vending_machine":6,"minecraft:bucket":74},"minecraft:custom":{"minecraft:interact_with_crafting_table":202,"minecraft:open_barrel":53,"minecraft:leave_game":13,"minecraft:time_since_death":20096,"minecraft:damage_blocked_by_shield":5980,"minecraft:play_time":1161368,"minecraft:deaths":48,"minecraft:jump":12888,"minecraft:enchant_item":5,"minecraft:interact_with_furnace":154,"minecraft:sleep_in_bed":12,"minecraft:waystone_activated":5,"minecraft:damage_dealt":12071,"minecraft:interact_with_smoker":25,"minecraft:use_cauldron":39,"minecraft:inspect_hopper":11,"minecraft:damage_dealt_absorbed":11644,"minecraft:sneak_time":46062,"minecraft:total_world_time":1161368,"minecraft:time_since_rest":21586,"minecraft:swim_one_cm":294701,"minecraft:fly_one_cm":1397617,"minecraft:open_chest":233,"minecraft:fall_one_cm":311609,"minecraft:sprint_one_cm":980444,"minecraft:drop":490,"minecraft:talked_to_villager":3,"minecraft:interact_with_brewingstand":3,"minecraft:walk_on_water_one_cm":200353,"minecraft:player_kills":1,"minecraft:crouch_one_cm":153490,"minecraft:mob_kills":453,"minecraft:fill_cauldron":5,"minecraft:damage_dealt_resisted":17505,"minecraft:climb_one_cm":4450,"minecraft:walk_one_cm":2526565,"minecraft:walk_under_water_one_cm":183384,"minecraft:boat_one_cm":241809,"minecraft:damage_taken":22497},"minecraft:crafted":{"enchantmentmachine:enchantment_block":1,"ironfurnaces:iron_furnace":1,"minecraft:bookshelf":27,"minecraft:cooked_mutton":1,"minecraft:glass":30,"sophisticatedbackpacks:copper_backpack":1,"minecraft:dried_kelp_block":5,"minecraft:glass_bottle":9,"minecraft:cooked_porkchop":2,"minecraft:diamond_axe":2,"minecraft:copper_ingot":8,"gunscraft:vending_machine":1,"minecraft:iron_pickaxe":2,"minecraft:iron_block":1,"minecraft:gold_ingot":458,"minecraft:bone_meal":480,"minecraft:diamond":90,"minecraft:wheat":162,"enchantmentmachine:enchanter_block":1,"minecraft:enchanting_table":1,"sophisticatedbackpacks:gold_backpack":2,"minecraft:iron_shovel":1,"minecraft:iron_leggings":1,"minecraft:white_bed":2,"minecraft:oak_planks":224,"enchantmentmachine:disenchanter_block":1,"toughasnails:leaf_leggings":4,"minecraft:hopper":3,"minecraft:iron_boots":2,"minecraft:bow":2,"minecraft:chest":10,"toughasnails:leaf_helmet":2,"toughasnails:leaf_boots":2,"sophisticatedbackpacks:backpack":2,"minecraft:cauldron":1,"minecraft:crafting_table":6,"minecraft:spruce_planks":20,"minecraft:baked_potato":154,"minecraft:iron_helmet":2,"minecraft:gold_block":1,"minecraft:iron_chestplate":3,"minecraft:diamond_pickaxe":1,"sophisticatedbackpacks:diamond_backpack":1,"minecraft:stick":108,"minecraft:iron_ingot":134,"minecraft:shears":1,"toughasnails:empty_canteen":2,"ironfurnaces:gold_furnace":1,"biomesoplenty:mahogany_planks":4,"minecraft:spruce_button":1,"minecraft:furnace":4,"minecraft:glass_pane":16,"minecraft:iron_axe":1,"minecraft:glistering_melon_slice":1,"sophisticatedbackpacks:iron_backpack":2,"minecraft:cooked_beef":5,"toughasnails:leaf_chestplate":5,"alexsmobs:cooked_kangaroo_meat":1,"minecraft:bucket":13,"minecraft:air":0,"minecraft:bread":55,"minecraft:gold_nugget":9,"minecraft:acacia_planks":136,"minecraft:torch":348},"minecraft:killed_by":{"alexsmobs:straddler":1,"minecraft:zombie":8,"minecraft:zombified_piglin":2,"minecraft:wither_skeleton":9,"minecraft:blaze":5,"minecraft:player":6,"minecraft:enderman":1,"minecraft:skeleton":6}},"DataVersion":3465}