{"stats":{"minecraft:picked_up":{"minecraft:crafting_table":1,"minecraft:suspicious_stew":1,"minecraft:wooden_pickaxe":2,"minecraft:mourner_pottery_sherd":2,"minecraft:bowl":1,"minecraft:porkchop":2,"minecraft:prize_pottery_sherd":8,"minecraft:skull_pottery_sherd":4,"minecraft:brick":14,"minecraft:white_bed":1,"minecraft:spruce_log":5,"minecraft:carrot":2,"alexsmobs:kangaroo_hide":2,"minecraft:decorated_pot":10,"alexsmobs:emu_feather":2,"minecraft:painting":1,"alexsmobs:emu_egg":2,"minecraft:blade_pottery_sherd":1,"minecraft:calcite":1,"minecraft:plenty_pottery_sherd":3,"alexsmobs:kangaroo_meat":1,"minecraft:mutton":2,"minecraft:iron_sword":1,"minecraft:dark_oak_stairs":1,"minecraft:white_wool":10,"minecraft:cobblestone":16},"minecraft:used":{"minecraft:calcite":1,"minecraft:cooked_mutton":1,"minecraft:dark_oak_stairs":1,"minecraft:tube_coral_block":9,"minecraft:bread":1,"minecraft:suspicious_stew":1,"minecraft:decorated_pot":10,"minecraft:iron_sword":30,"minecraft:crafting_table":2,"minecraft:furnace":1,"minecraft:cooked_porkchop":1,"minecraft:carrot":2,"minecraft:white_bed":1,"minecraft:painting":1,"minecraft:golden_pickaxe":1},"minecraft:mined":{"minecraft:white_bed":1,"minecraft:spruce_log":5,"minecraft:crafting_table":1,"minecraft:dark_oak_stairs":1,"minecraft:grass":3,"minecraft:calcite":1,"minecraft:decorated_pot":19,"minecraft:white_wool":8},"minecraft:custom":{"minecraft:time_since_rest":7773,"minecraft:interact_with_furnace":7,"minecraft:sprint_one_cm":19266,"minecraft:damage_taken":325,"minecraft:walk_one_cm":41565,"minecraft:mob_kills":7,"minecraft:drop":4,"minecraft:damage_dealt":1074,"minecraft:swim_one_cm":69758,"minecraft:interact_with_crafting_table":6,"minecraft:fly_one_cm":32531,"minecraft:open_barrel":2,"minecraft:open_chest":5,"minecraft:crouch_one_cm":2321,"minecraft:play_time":35491,"minecraft:sneak_time":1143,"minecraft:walk_under_water_one_cm":25346,"minecraft:jump":274,"minecraft:walk_on_water_one_cm":16682,"minecraft:time_since_death":35491,"minecraft:sleep_in_bed":1,"minecraft:total_world_time":35491,"minecraft:climb_one_cm":1613,"minecraft:fall_one_cm":5405},"minecraft:dropped":{"minecraft:bowl":2,"minecraft:wooden_pickaxe":1,"minecraft:white_bed":1},"minecraft:crafted":{"minecraft:cooked_porkchop":2,"minecraft:crafting_table":1,"minecraft:spruce_planks":20,"alexsmobs:cooked_kangaroo_meat":1,"minecraft:furnace":1,"minecraft:white_bed":2,"minecraft:air":0,"minecraft:cooked_mutton":1,"minecraft:bread":1},"minecraft:killed":{"minecraft:sheep":1,"minecraft:pig":1,"alexsmobs:gazelle":2,"alexsmobs:kangaroo":1,"alexsmobs:emu":2}},"DataVersion":3465}