{"stats":{"minecraft:custom":{"minecraft:interact_with_crafting_table":151,"minecraft:open_barrel":10,"minecraft:leave_game":11,"minecraft:time_since_death":61865,"minecraft:sprint_one_cm":575023,"minecraft:damage_blocked_by_shield":2515,"minecraft:drop":367,"minecraft:talked_to_villager":3,"minecraft:play_time":777559,"minecraft:deaths":9,"minecraft:interact_with_brewingstand":2,"minecraft:jump":8815,"minecraft:walk_on_water_one_cm":149814,"minecraft:enchant_item":1,"minecraft:interact_with_furnace":99,"minecraft:sleep_in_bed":8,"minecraft:waystone_activated":4,"minecraft:damage_dealt":11847,"minecraft:crouch_one_cm":81977,"minecraft:interact_with_smoker":22,"minecraft:use_cauldron":37,"minecraft:mob_kills":338,"minecraft:fill_cauldron":5,"minecraft:damage_dealt_resisted":659,"minecraft:climb_one_cm":1763,"minecraft:walk_one_cm":1592689,"minecraft:damage_dealt_absorbed":54,"minecraft:sneak_time":24904,"minecraft:walk_under_water_one_cm":129563,"minecraft:boat_one_cm":100075,"minecraft:total_world_time":777559,"minecraft:time_since_rest":61901,"minecraft:damage_taken":8160,"minecraft:swim_one_cm":191385,"minecraft:fly_one_cm":924102,"minecraft:open_chest":120,"minecraft:fall_one_cm":209804},"minecraft:used":{"minecraft:chest":2,"minecraft:decorated_pot":10,"minecraft:polished_blackstone":3,"minecraft:shield":57,"minecraft:iron_sword":233,"enchantmentmachine:enchanter_block":2,"minecraft:carrot":2,"aquaculture:synodontis":3,"minecraft:obsidian":12,"minecraft:tuff":4,"minecraft:lava_bucket":9,"farmersdelight:tomato":27,"minecraft:grass_block":1,"minecraft:polished_blackstone_brick_wall":4,"minecraft:iron_helmet":1,"minecraft:golden_sword":2,"minecraft:hay_block":2,"minecraft:furnace":13,"minecraft:potato":162,"minecraft:dark_oak_stairs":1,"minecraft:blackstone":18,"toughasnails:water_canteen":38,"minecraft:cookie":20,"biomesoplenty:goldenrod":1,"farmersdelight:rice":1,"minecraft:shears":156,"waystones:waystone":2,"minecraft:melon_slice":36,"minecraft:bread":34,"enchantmentmachine:disenchanter_block":1,"biomesoplenty:glowing_moss_carpet":1,"minecraft:diamond_sword":23,"minecraft:fire_charge":3,"minecraft:golden_pickaxe":16,"minecraft:oak_boat":1,"minecraft:air":10,"minecraft:bone_meal":90,"minecraft:polished_blackstone_brick_slab":3,"minecraft:enchanting_table":1,"biomesoplenty:glowing_moss_block":2,"biomesoplenty:glowshroom":16,"minecraft:stone_hoe":15,"minecraft:netherrack":12,"minecraft:torch":140,"minecraft:brewing_stand":3,"minecraft:dirt":7,"toughasnails:empty_canteen":4,"alexsmobs:cooked_kangaroo_meat":1,"minecraft:golden_shovel":32,"minecraft:bookshelf":18,"biomesoplenty:redwood_wood":1,"minecraft:iron_axe":205,"minecraft:spruce_button":1,"biomesoplenty:orange_sand":5,"minecraft:basalt":3,"minecraft:golden_carrot":1,"farmersdelight:tomato_seeds":1,"enchantmentmachine:enchantment_block":2,"minecraft:cooked_beef":4,"alexsmobs:banana":1,"minecraft:cobbled_deepslate":64,"minecraft:calcite":3,"minecraft:cooked_mutton":1,"minecraft:water_bucket":35,"minecraft:tube_coral_block":9,"minecraft:glass_bottle":159,"minecraft:baked_potato":58,"farmersdelight:golden_knife":21,"minecraft:cauldron":1,"minecraft:leather_boots":1,"minecraft:polished_blackstone_bricks":14,"minecraft:gilded_blackstone":2,"minecraft:crafting_table":12,"minecraft:white_bed":8,"minecraft:painting":1,"minecraft:diamond_pickaxe":409,"minecraft:apple":7,"minecraft:cracked_polished_blackstone_bricks":3,"minecraft:iron_pickaxe":408,"minecraft:jungle_stairs":1,"minecraft:suspicious_stew":1,"gunscraft:vending_machine":6,"minecraft:potion":157,"minecraft:cobblestone":49,"minecraft:cooked_porkchop":2,"minecraft:bucket":45},"minecraft:broken":{"toughasnails:leaf_chestplate":2,"minecraft:golden_shovel":1,"toughasnails:leaf_leggings":2,"toughasnails:water_canteen":3,"minecraft:iron_pickaxe":1},"minecraft:crafted":{"minecraft:oak_planks":128,"enchantmentmachine:enchantment_block":1,"enchantmentmachine:disenchanter_block":1,"minecraft:bookshelf":27,"toughasnails:leaf_leggings":4,"minecraft:cooked_mutton":1,"minecraft:glass":23,"minecraft:hopper":1,"minecraft:bow":2,"minecraft:iron_boots":2,"sophisticatedbackpacks:copper_backpack":1,"minecraft:chest":5,"toughasnails:leaf_helmet":2,"minecraft:glass_bottle":9,"toughasnails:leaf_boots":2,"sophisticatedbackpacks:backpack":1,"minecraft:cauldron":1,"minecraft:cooked_porkchop":2,"minecraft:diamond_axe":2,"minecraft:crafting_table":6,"minecraft:spruce_planks":20,"minecraft:iron_helmet":2,"minecraft:baked_potato":132,"minecraft:copper_ingot":8,"minecraft:iron_chestplate":3,"minecraft:diamond_pickaxe":1,"minecraft:stick":48,"gunscraft:vending_machine":1,"minecraft:iron_ingot":121,"minecraft:iron_pickaxe":2,"minecraft:iron_block":1,"minecraft:gold_ingot":455,"minecraft:shears":1,"toughasnails:empty_canteen":2,"biomesoplenty:mahogany_planks":4,"minecraft:spruce_button":1,"minecraft:furnace":3,"minecraft:bone_meal":480,"minecraft:glass_pane":16,"minecraft:diamond":90,"minecraft:iron_axe":1,"minecraft:wheat":117,"minecraft:glistering_melon_slice":1,"sophisticatedbackpacks:iron_backpack":1,"minecraft:cooked_beef":5,"enchantmentmachine:enchanter_block":1,"toughasnails:leaf_chestplate":5,"minecraft:enchanting_table":1,"alexsmobs:cooked_kangaroo_meat":1,"sophisticatedbackpacks:gold_backpack":1,"minecraft:bucket":5,"minecraft:air":0,"minecraft:bread":40,"minecraft:gold_nugget":9,"minecraft:iron_leggings":1,"minecraft:white_bed":2,"minecraft:acacia_planks":136,"minecraft:torch":124},"minecraft:picked_up":{"toughasnails:leaf_leggings":2,"minecraft:iron_chestplate":6,"minecraft:wheat":4,"aquaculture:synodontis":3,"minecraft:suspicious_stew":2,"gunscraft:pistol_ammo_provider":10,"minecraft:lead":6,"minecraft:diamond_sword":3,"farmersdelight:rice_panicle":3,"minecraft:enchanted_book":1,"minecraft:potion":8,"minecraft:golden_shovel":1,"minecraft:gilded_blackstone":9,"minecraft:nether_brick":14,"minecraft:brewing_stand":3,"minecraft:golden_sword":2,"minecraft:amethyst_block":8,"minecraft:polished_blackstone_brick_stairs":7,"minecraft:string":24,"gunscraft:rifle_ammo_provider":2,"mutantmonsters:mutant_skeleton_skull":1,"minecraft:raw_copper":105,"alexsmobs:emu_feather":6,"minecraft:gold_nugget":45,"minecraft:cobbled_deepslate":83,"minecraft:bucket":5,"minecraft:spruce_planks":7,"minecraft:calcite":4,"minecraft:iron_pickaxe":11,"minecraft:melon_slice":133,"biomesoplenty:redwood_wood":1,"gunscraft:suppressor":5,"alexsmobs:leafcutter_ant_chamber":1,"minecraft:furnace":11,"minecraft:golden_helmet":1,"minecraft:tipped_arrow":5,"minecraft:polished_blackstone_brick_slab":14,"minecraft:stick":17,"farmersdelight:rotten_tomato":1,"minecraft:torch":94,"minecraft:acacia_log":70,"minecraft:porkchop":91,"minecraft:golden_axe":1,"minecraft:diorite":4,"alexsmobs:centipede_leg":15,"minecraft:cauldron":4,"mutantmonsters:mutant_skeleton_pelvis":1,"minecraft:nether_gold_ore":6,"minecraft:rotten_flesh":54,"gunscraft:laser_sight":2,"gunscraft:red_dot":1,"minecraft:iron_block":2,"farmersdelight:rope":5,"alexsmobs:emu_egg":3,"minecraft:blaze_rod":5,"mutantmonsters:mutant_skeleton_shoulder_pad":2,"minecraft:obsidian":19,"minecraft:iron_bars":2,"alexsmobs:flying_fish":1,"minecraft:cobblestone":847,"minecraft:leather_chestplate":1,"minecraft:andesite":1,"minecraft:magma_cream":2,"farmersdelight:rice":10,"minecraft:water_bucket":4,"gunscraft:vending_machine":5,"minecraft:golden_leggings":2,"biomesoplenty:glowshroom":19,"minecraft:potato":539,"gunscraft:hk416":1,"alexsmobs:bison_fur":2,"minecraft:flint":4,"minecraft:tuff":9,"minecraft:lapis_lazuli":48,"farmersdelight:tomato":27,"minecraft:dirt":43,"gunscraft:mg3":1,"gunscraft:ar_tactical_stock":1,"gunscraft:cash":164,"minecraft:leather_boots":12,"minecraft:bone":53,"minecraft:acacia_planks":8,"minecraft:bow":9,"minecraft:wheat_seeds":34,"minecraft:raw_gold":35,"minecraft:diamond_helmet":3,"minecraft:glowstone_dust":1,"minecraft:stone_hoe":3,"enchantmentmachine:enchanter_block":1,"gunscraft:flashlight":3,"minecraft:poisonous_potato":3,"minecraft:sand":23,"minecraft:grass_block":1,"minecraft:spectral_arrow":6,"alexsmobs:animal_dictionary":5,"gunscraft:m82a1":2,"gunscraft:m870":2,"alexsmobs:kangaroo_hide":2,"minecraft:diamond":17,"waystones:waystone":2,"minecraft:cracked_polished_blackstone_bricks":11,"gunscraft:ak_tactical_stock":1,"minecraft:crossbow":1,"minecraft:granite":9,"minecraft:bone_meal":1,"gunscraft:shotgun_ammo_provider":6,"minecraft:bread":42,"minecraft:emerald":9,"minecraft:plenty_pottery_sherd":3,"minecraft:oak_sapling":6,"minecraft:netherrack":19,"minecraft:oak_leaves":131,"minecraft:diamond_pickaxe":5,"mca:bouquet":1,"minecraft:mud":1,"sophisticatedbackpacks:gold_backpack":4,"minecraft:cocoa_beans":3,"minecraft:crafting_table":12,"minecraft:allium":2,"minecraft:splash_potion":1,"gunscraft:assault_expansion_mag":1,"minecraft:nether_wart":77,"minecraft:leather_leggings":1,"minecraft:mourner_pottery_sherd":2,"minecraft:wooden_pickaxe":2,"alexsmobs:roadrunner_feather":1,"minecraft:gold_block":56,"minecraft:shield":7,"gunscraft:grip":2,"minecraft:brick":14,"alexsmobs:pigshoes":3,"minecraft:blackstone":165,"minecraft:beef":9,"minecraft:oak_boat":1,"alexsmobs:elastic_tendon":4,"minecraft:poppy":3,"minecraft:phantom_membrane":7,"minecraft:raw_iron":198,"enchantmentmachine:enchantment_block":1,"gunscraft:big_cal_ammo_provider":2,"minecraft:bowl":1,"alexsmobs:straddlite":2,"minecraft:fire_charge":6,"minecraft:polished_blackstone_bricks":55,"farmersdelight:tomato_seeds":24,"minecraft:skull_pottery_sherd":8,"minecraft:cookie":14,"minecraft:carrot":2,"minecraft:redstone":46,"mutantmonsters:creeper_shard":1,"toughasnails:empty_canteen":1,"minecraft:arrow":65,"gunscraft:mini_m249":5,"minecraft:decorated_pot":10,"minecraft:jungle_stairs":1,"minecraft:hay_block":20,"gunscraft:pistol_exp_mag":4,"gunscraft:sniper_scope":2,"mutantmonsters:mutant_skeleton_rib":6,"minecraft:saddle":2,"minecraft:gold_ingot":6,"sophisticatedbackpacks:copper_backpack":4,"alexsmobs:kangaroo_meat":1,"minecraft:polished_blackstone":8,"minecraft:mutton":2,"minecraft:white_wool":10,"minecraft:bone_block":64,"biomesoplenty:orange_sand":5,"farmersdelight:rich_soil":6,"minecraft:basalt":11,"biomesoplenty:goldenrod":2,"minecraft:leather":23,"minecraft:red_mushroom":3,"alexsmobs:cachalot_whale_tooth":1,"minecraft:oak_log":144,"minecraft:golden_boots":3,"gunscraft:pistol_9mm":6,"minecraft:gunpowder":26,"mutantmonsters:mutant_skeleton_limb":8,"minecraft:paper":15,"minecraft:white_banner":1,"biomesoplenty:glowing_moss_carpet":1,"farmersdelight:organic_compost":12,"minecraft:apple":7,"minecraft:iron_ingot":27,"minecraft:blade_pottery_sherd":1,"minecraft:glass_bottle":8,"minecraft:iron_sword":10,"minecraft:soul_sand":10,"minecraft:dark_oak_stairs":1,"minecraft:book":150,"toughasnails:leaf_chestplate":8,"minecraft:smooth_basalt":1,"gunscraft:rifle_exp_mag":1,"gunscraft:assault_rifle_ammo_provider":10,"alexsmobs:falconry_hood":2,"minecraft:quartz":1,"minecraft:dandelion":2,"minecraft:gravel":49,"gunscraft:scope_x4":1,"minecraft:amethyst_shard":84,"gunscraft:holographic":3,"minecraft:prize_pottery_sherd":8,"alexsmobs:lava_bottle":1,"minecraft:white_bed":7,"minecraft:spruce_log":5,"minecraft:crying_obsidian":14,"biomesoplenty:glowing_moss_block":2,"minecraft:spider_eye":14,"minecraft:leather_helmet":1,"biomesoplenty:mahogany_log":1,"minecraft:slime_ball":6,"gunscraft:m1911":8,"minecraft:stone_axe":1,"gunscraft:light_laser_sight":2,"minecraft:iron_helmet":7,"minecraft:painting":1,"minecraft:polished_blackstone_brick_wall":4,"minecraft:baked_potato":427,"minecraft:coal":205,"minecraft:ender_pearl":4},"minecraft:dropped":{"farmersdelight:iron_knife":1,"minecraft:iron_sword":3,"minecraft:soul_sand":8,"minecraft:porkchop":9,"minecraft:cooked_beef":1,"minecraft:baked_potato":57,"minecraft:glass_bottle":4,"minecraft:diamond":3,"minecraft:crafting_table":2,"mca:bouquet":1,"minecraft:cookie":14,"minecraft:leather":1,"minecraft:saddle":1,"gunscraft:m1911":4,"minecraft:leather_helmet":1,"farmersdelight:rice":5,"minecraft:red_mushroom":3,"sophisticatedbackpacks:gold_backpack":1,"minecraft:cracked_polished_blackstone_bricks":5,"minecraft:dirt":11,"minecraft:polished_blackstone_brick_stairs":1,"alexsmobs:flying_fish":1,"minecraft:gold_nugget":5,"minecraft:gilded_blackstone":3,"minecraft:bone_meal":391,"minecraft:phantom_membrane":1,"minecraft:polished_blackstone_bricks":20,"gunscraft:m82a1":1,"minecraft:glistering_melon_slice":1,"minecraft:sugar":1,"minecraft:iron_pickaxe":2,"minecraft:cauldron":2,"minecraft:gold_ingot":23,"minecraft:gravel":49,"minecraft:blackstone":80,"minecraft:cobbled_deepslate":19,"minecraft:nether_brick":14,"minecraft:wheat":4,"minecraft:rotten_flesh":53,"minecraft:glowstone_dust":1,"gunscraft:holographic":1,"minecraft:golden_shovel":1,"minecraft:white_bed":1,"gunscraft:sniper_scope":1,"farmersdelight:rice_panicle":3,"minecraft:gunpowder":1,"gunscraft:big_cal_ammo_provider":1,"minecraft:leather_boots":5,"minecraft:leather_leggings":1,"minecraft:basalt":8,"minecraft:iron_bars":2,"minecraft:glass":3,"gunscraft:mini_m249":1,"minecraft:quartz":1,"minecraft:oak_leaves":1,"alexsmobs:lava_bottle":1,"minecraft:water_bucket":4,"farmersdelight:tomato_seeds":9,"minecraft:stone_hoe":1,"minecraft:iron_ingot":1,"minecraft:bread":32,"minecraft:wheat_seeds":33,"minecraft:polished_blackstone":1,"gunscraft:m870":2,"minecraft:poisonous_potato":3,"minecraft:iron_helmet":4,"minecraft:cobblestone":84,"minecraft:amethyst_block":8,"minecraft:granite":8,"gunscraft:suppressor":1,"minecraft:coal":87,"minecraft:stick":3,"gunscraft:cash":10,"biomesoplenty:goldenrod":1,"minecraft:diorite":4,"gunscraft:pistol_ammo_provider":4,"alexsmobs:leafcutter_ant_chamber":1,"minecraft:torch":2,"minecraft:melon_slice":1,"toughasnails:leaf_boots":1,"minecraft:potion":3,"minecraft:fire_charge":2,"toughasnails:leaf_helmet":1,"minecraft:polished_blackstone_brick_slab":6,"minecraft:mud":1,"biomesoplenty:glowshroom":3,"toughasnails:leaf_leggings":1,"minecraft:string":6,"farmersdelight:rich_soil":6,"minecraft:acacia_planks":2,"minecraft:smooth_basalt":1,"minecraft:skull_pottery_sherd":4,"minecraft:dandelion":2,"minecraft:redstone":2,"farmersdelight:rotten_tomato":1,"minecraft:furnace":1,"toughasnails:empty_canteen":2,"toughasnails:leaf_chestplate":6,"minecraft:raw_copper":68,"minecraft:bowl":2,"minecraft:tuff":5,"alexsmobs:pigshoes":2,"gunscraft:laser_sight":1,"minecraft:raw_iron":2,"minecraft:iron_boots":1,"minecraft:suspicious_stew":1,"minecraft:potato":74,"minecraft:shield":3,"minecraft:allium":2,"minecraft:iron_chestplate":2,"gunscraft:shotgun_ammo_provider":6,"minecraft:diamond_pickaxe":2,"minecraft:andesite":1,"gunscraft:pistol_exp_mag":2,"gunscraft:pistol_9mm":2,"minecraft:golden_leggings":2,"minecraft:oak_sapling":6,"minecraft:spider_eye":12,"minecraft:bow":4,"minecraft:wooden_pickaxe":1,"minecraft:calcite":1},"minecraft:mined":{"minecraft:large_amethyst_bud":1,"minecraft:white_bed":7,"biomesoplenty:glowshroom":9,"farmersdelight:rich_soil":6,"alexsmobs:leafcutter_anthill":2,"minecraft:jungle_leaves":1,"minecraft:brewing_stand":3,"minecraft:obsidian":17,"minecraft:granite":2,"minecraft:grass_block":5,"minecraft:cracked_polished_blackstone_bricks":7,"minecraft:polished_blackstone_brick_slab":6,"minecraft:nether_wart":26,"minecraft:spawner":2,"minecraft:gilded_blackstone":4,"minecraft:polished_blackstone_bricks":17,"farmersdelight:wild_rice":5,"minecraft:iron_ore":92,"minecraft:fire":3,"minecraft:cobbled_deepslate":7,"minecraft:dark_oak_stairs":1,"enchantmentmachine:enchanter_block":1,"biomesoplenty:glowshroom_block":31,"minecraft:iron_bars":2,"farmersdelight:rice_panicles":1,"minecraft:iron_block":2,"minecraft:deepslate_redstone_ore":10,"farmersdelight:organic_compost":11,"minecraft:blackstone":32,"biomesoplenty:glowing_moss_carpet":1,"minecraft:amethyst_cluster":12,"minecraft:torch":5,"minecraft:calcite":4,"minecraft:poppy":1,"minecraft:melon":25,"minecraft:mushroom_stem":4,"gunscraft:vending_machine":5,"minecraft:nether_quartz_ore":1,"minecraft:cobblestone":3,"minecraft:wall_torch":3,"minecraft:amethyst_block":5,"minecraft:cauldron":3,"biomesoplenty:goldenrod":1,"minecraft:grass":31,"minecraft:oak_log":138,"minecraft:sand":23,"minecraft:dirt":12,"minecraft:smooth_basalt":2,"minecraft:netherrack":19,"biomesoplenty:glowing_moss_block":4,"minecraft:deepslate":62,"minecraft:oak_leaves":172,"minecraft:nether_gold_ore":17,"minecraft:tuff":8,"minecraft:deepslate_diamond_ore":7,"minecraft:glow_lichen":1,"biomesoplenty:bush":5,"minecraft:decorated_pot":19,"minecraft:redstone_wire":2,"alexsmobs:leafcutter_ant_chamber":1,"farmersdelight:tomatoes":1,"biomesoplenty:dune_grass":11,"minecraft:hay_block":20,"minecraft:furnace":12,"minecraft:gold_block":32,"biomesoplenty:sea_oats":18,"minecraft:bookshelf":51,"minecraft:potatoes":136,"biomesoplenty:high_grass":15,"minecraft:deepslate_iron_ore":92,"biomesoplenty:barley":3,"minecraft:white_wool":8,"minecraft:stone":197,"minecraft:basalt":1,"minecraft:polished_blackstone_brick_wall":3,"minecraft:crafting_table":7,"biomesoplenty:high_grass_plant":48,"minecraft:copper_ore":10,"minecraft:tall_grass":3,"biomesoplenty:sprout":3,"farmersdelight:wild_tomatoes":8,"minecraft:deepslate_gold_ore":30,"minecraft:polished_blackstone_brick_stairs":3,"minecraft:diorite":4,"minecraft:spruce_log":5,"minecraft:coal_ore":66,"minecraft:polished_blackstone":5,"minecraft:gold_ore":3,"biomesoplenty:redwood_wood":1,"minecraft:fern":14},"minecraft:killed":{"alexsmobs:lobster":1,"minecraft:witch":2,"minecraft:zombified_piglin":1,"minecraft:spider":15,"alexsmobs:murmur":4,"minecraft:skeleton":45,"alexsmobs:leafcutter_ant":7,"alexsmobs:straddler":8,"alexsmobs:centipede_head":12,"minecraft:piglin_brute":12,"alexsmobs:kangaroo":1,"minecraft:magma_cube":21,"minecraft:piglin":4,"minecraft:pig":2,"alexsmobs:seal":7,"alexsmobs:stradpole":7,"mutantmonsters:mutant_skeleton":1,"minecraft:strider":1,"minecraft:creeper":30,"minecraft:sheep":1,"minecraft:trader_llama":6,"minecraft:zombie":49,"alexsmobs:cachalot_whale":3,"minecraft:ghast":4,"minecraft:blaze":22,"minecraft:cow":3,"alexsmobs:seagull":1,"minecraft:phantom":15,"minecraft:horse":3,"alexsmobs:murmur_head":1,"alexsmobs:bison":2,"minecraft:drowned":10,"alexsmobs:flying_fish":1,"minecraft:bat":1,"minecraft:wandering_trader":3,"minecraft:hoglin":16,"minecraft:squid":1,"alexsmobs:emu":2,"alexsmobs:elephant":1,"alexsmobs:gazelle":2,"minecraft:enderman":6},"minecraft:killed_by":{"minecraft:zombie":3,"minecraft:player":1,"minecraft:skeleton":3}},"DataVersion":3465}