{"stats":{"minecraft:picked_up":{"minecraft:iron_chestplate":1,"minecraft:crafting_table":4,"minecraft:suspicious_stew":1,"farmersdelight:rice_panicle":1,"minecraft:lead":2,"minecraft:mourner_pottery_sherd":2,"minecraft:wooden_pickaxe":2,"alexsmobs:roadrunner_feather":1,"minecraft:gold_block":3,"minecraft:golden_shovel":1,"minecraft:brewing_stand":1,"minecraft:shield":2,"minecraft:brick":14,"minecraft:string":5,"minecraft:raw_copper":91,"alexsmobs:emu_feather":6,"minecraft:spruce_planks":7,"minecraft:beef":9,"minecraft:calcite":1,"minecraft:poppy":1,"minecraft:iron_pickaxe":2,"biomesoplenty:redwood_wood":1,"minecraft:furnace":5,"minecraft:stick":2,"minecraft:raw_iron":41,"farmersdelight:rotten_tomato":1,"minecraft:torch":26,"minecraft:bowl":1,"minecraft:acacia_log":34,"minecraft:porkchop":2,"farmersdelight:tomato_seeds":10,"minecraft:skull_pottery_sherd":8,"minecraft:carrot":2,"minecraft:arrow":15,"minecraft:rotten_flesh":15,"minecraft:decorated_pot":10,"minecraft:hay_block":13,"farmersdelight:rope":5,"alexsmobs:emu_egg":3,"minecraft:saddle":2,"minecraft:gold_ingot":5,"sophisticatedbackpacks:copper_backpack":1,"minecraft:mutton":2,"minecraft:bone_block":64,"minecraft:cobblestone":128,"alexsmobs:kangaroo_meat":1,"minecraft:white_wool":10,"farmersdelight:rich_soil":6,"farmersdelight:rice":10,"minecraft:andesite":1,"biomesoplenty:goldenrod":2,"minecraft:leather":10,"minecraft:red_mushroom":2,"minecraft:potato":493,"minecraft:gunpowder":11,"minecraft:dirt":6,"farmersdelight:tomato":27,"minecraft:leather_boots":1,"farmersdelight:organic_compost":12,"minecraft:bone":13,"minecraft:apple":2,"minecraft:wheat_seeds":3,"minecraft:iron_ingot":23,"minecraft:blade_pottery_sherd":1,"minecraft:iron_sword":3,"minecraft:dark_oak_stairs":1,"minecraft:dandelion":2,"minecraft:poisonous_potato":3,"minecraft:prize_pottery_sherd":8,"minecraft:white_bed":6,"minecraft:spruce_log":5,"alexsmobs:animal_dictionary":1,"minecraft:spider_eye":3,"alexsmobs:kangaroo_hide":2,"minecraft:diamond":1,"waystones:waystone":1,"minecraft:iron_helmet":1,"minecraft:granite":8,"minecraft:painting":1,"minecraft:bread":12,"minecraft:emerald":9,"minecraft:baked_potato":1,"minecraft:plenty_pottery_sherd":3,"minecraft:coal":63},"minecraft:used":{"minecraft:decorated_pot":10,"minecraft:shield":9,"minecraft:iron_sword":143,"minecraft:torch":35,"minecraft:dirt":4,"alexsmobs:cooked_kangaroo_meat":1,"minecraft:carrot":2,"minecraft:golden_shovel":9,"minecraft:obsidian":2,"farmersdelight:tomato":3,"biomesoplenty:redwood_wood":1,"minecraft:spruce_button":1,"minecraft:furnace":5,"alexsmobs:banana":1,"minecraft:potato":153,"minecraft:cooked_beef":4,"farmersdelight:tomato_seeds":1,"minecraft:calcite":1,"minecraft:cooked_mutton":1,"minecraft:dark_oak_stairs":1,"minecraft:water_bucket":1,"minecraft:tube_coral_block":9,"minecraft:baked_potato":9,"farmersdelight:golden_knife":21,"minecraft:leather_boots":1,"biomesoplenty:goldenrod":1,"minecraft:crafting_table":6,"minecraft:white_bed":7,"farmersdelight:rice":1,"minecraft:painting":1,"waystones:waystone":1,"minecraft:bread":8,"minecraft:iron_pickaxe":184,"minecraft:suspicious_stew":1,"minecraft:cobblestone":19,"minecraft:cooked_porkchop":2,"minecraft:bucket":1,"minecraft:bone_meal":90,"minecraft:golden_pickaxe":2},"minecraft:mined":{"minecraft:white_bed":6,"farmersdelight:rich_soil":6,"minecraft:brewing_stand":1,"minecraft:glow_lichen":1,"minecraft:granite":1,"biomesoplenty:bush":3,"minecraft:grass_block":4,"minecraft:decorated_pot":19,"farmersdelight:tomatoes":1,"biomesoplenty:dune_grass":11,"minecraft:hay_block":13,"minecraft:furnace":5,"farmersdelight:wild_rice":5,"minecraft:iron_ore":40,"minecraft:gold_block":3,"minecraft:dark_oak_stairs":1,"biomesoplenty:sea_oats":18,"minecraft:potatoes":136,"farmersdelight:rice_panicles":1,"biomesoplenty:barley":3,"minecraft:stone":77,"minecraft:white_wool":8,"farmersdelight:organic_compost":11,"minecraft:crafting_table":4,"minecraft:torch":1,"minecraft:calcite":1,"minecraft:poppy":1,"minecraft:copper_ore":8,"minecraft:tall_grass":2,"minecraft:cobblestone":1,"farmersdelight:wild_tomatoes":8,"minecraft:wall_torch":1,"biomesoplenty:goldenrod":1,"minecraft:spruce_log":5,"minecraft:grass":18,"minecraft:coal_ore":44,"minecraft:dirt":2,"biomesoplenty:redwood_wood":1},"minecraft:custom":{"minecraft:mob_kills":42,"minecraft:interact_with_crafting_table":25,"minecraft:open_barrel":2,"minecraft:leave_game":1,"minecraft:time_since_death":20299,"minecraft:climb_one_cm":1613,"minecraft:sprint_one_cm":182110,"minecraft:walk_one_cm":365481,"minecraft:damage_blocked_by_shield":510,"minecraft:drop":71,"minecraft:talked_to_villager":2,"minecraft:play_time":154071,"minecraft:deaths":2,"minecraft:sneak_time":4702,"minecraft:walk_under_water_one_cm":37794,"minecraft:jump":2410,"minecraft:walk_on_water_one_cm":30886,"minecraft:total_world_time":154071,"minecraft:interact_with_furnace":40,"minecraft:sleep_in_bed":6,"minecraft:time_since_rest":20332,"minecraft:waystone_activated":1,"minecraft:damage_taken":1837,"minecraft:damage_dealt":6757,"minecraft:swim_one_cm":103097,"minecraft:fly_one_cm":334263,"minecraft:open_chest":12,"minecraft:crouch_one_cm":15487,"minecraft:interact_with_smoker":20,"minecraft:fall_one_cm":63813},"minecraft:killed_by":{"minecraft:skeleton":2},"minecraft:dropped":{"farmersdelight:tomato_seeds":9,"minecraft:bread":26,"minecraft:iron_sword":1,"minecraft:wheat_seeds":3,"minecraft:cooked_beef":1,"minecraft:baked_potato":9,"minecraft:crafting_table":1,"minecraft:poisonous_potato":3,"minecraft:iron_helmet":1,"minecraft:cobblestone":1,"minecraft:granite":7,"minecraft:saddle":1,"minecraft:coal":31,"farmersdelight:rice":5,"minecraft:red_mushroom":2,"minecraft:dirt":2,"biomesoplenty:goldenrod":1,"minecraft:gold_nugget":4,"minecraft:bone_meal":318,"minecraft:iron_pickaxe":1,"minecraft:skull_pottery_sherd":4,"minecraft:dandelion":2,"farmersdelight:rotten_tomato":1,"minecraft:furnace":1,"minecraft:bowl":2,"minecraft:raw_iron":1,"minecraft:rotten_flesh":15,"minecraft:golden_shovel":1,"minecraft:white_bed":1,"minecraft:iron_chestplate":1,"minecraft:andesite":1,"minecraft:spider_eye":3,"minecraft:wooden_pickaxe":1},"minecraft:killed":{"alexsmobs:seagull":1,"minecraft:horse":3,"minecraft:skeleton":6,"minecraft:drowned":1,"alexsmobs:kangaroo":1,"minecraft:pig":1,"alexsmobs:seal":2,"minecraft:wandering_trader":1,"alexsmobs:emu":2,"minecraft:sheep":1,"minecraft:trader_llama":2,"minecraft:zombie":13,"alexsmobs:elephant":1,"alexsmobs:gazelle":2,"minecraft:enderman":1,"minecraft:cow":3},"minecraft:crafted":{"minecraft:spruce_button":1,"minecraft:furnace":1,"minecraft:bone_meal":408,"minecraft:cooked_mutton":1,"sophisticatedbackpacks:copper_backpack":1,"minecraft:chest":1,"minecraft:wheat":117,"minecraft:cooked_beef":5,"sophisticatedbackpacks:backpack":1,"minecraft:cooked_porkchop":2,"minecraft:crafting_table":3,"minecraft:spruce_planks":20,"minecraft:baked_potato":130,"minecraft:iron_helmet":2,"alexsmobs:cooked_kangaroo_meat":1,"minecraft:copper_ingot":8,"minecraft:bucket":1,"minecraft:bread":40,"minecraft:air":0,"minecraft:iron_chestplate":2,"minecraft:stick":12,"minecraft:iron_ingot":36,"minecraft:iron_pickaxe":1,"minecraft:white_bed":2,"minecraft:acacia_planks":20,"minecraft:torch":32}},"DataVersion":3465}