{"stats":{"minecraft:picked_up":{"minecraft:crafting_table":4,"minecraft:suspicious_stew":1,"minecraft:lead":2,"minecraft:mourner_pottery_sherd":2,"minecraft:wooden_pickaxe":2,"alexsmobs:roadrunner_feather":1,"minecraft:gold_block":3,"minecraft:golden_shovel":1,"minecraft:brewing_stand":1,"minecraft:shield":1,"minecraft:brick":14,"minecraft:string":5,"minecraft:raw_copper":87,"alexsmobs:emu_feather":6,"minecraft:spruce_planks":7,"minecraft:beef":9,"minecraft:calcite":1,"minecraft:poppy":1,"minecraft:iron_pickaxe":1,"biomesoplenty:redwood_wood":1,"minecraft:furnace":5,"minecraft:stick":2,"minecraft:raw_iron":41,"minecraft:torch":18,"minecraft:bowl":1,"minecraft:acacia_log":34,"minecraft:porkchop":2,"farmersdelight:tomato_seeds":9,"minecraft:skull_pottery_sherd":8,"minecraft:carrot":2,"minecraft:arrow":11,"minecraft:rotten_flesh":14,"minecraft:decorated_pot":10,"minecraft:hay_block":13,"farmersdelight:rope":5,"alexsmobs:emu_egg":3,"minecraft:saddle":2,"minecraft:gold_ingot":5,"minecraft:mutton":2,"minecraft:bone_block":64,"minecraft:cobblestone":65,"alexsmobs:kangaroo_meat":1,"minecraft:white_wool":10,"farmersdelight:rich_soil":6,"farmersdelight:rice":10,"minecraft:andesite":1,"biomesoplenty:goldenrod":2,"minecraft:leather":10,"minecraft:red_mushroom":2,"minecraft:gunpowder":11,"minecraft:dirt":5,"farmersdelight:tomato":3,"farmersdelight:organic_compost":12,"minecraft:bone":7,"minecraft:apple":2,"minecraft:wheat_seeds":3,"minecraft:iron_ingot":6,"minecraft:blade_pottery_sherd":1,"minecraft:iron_sword":2,"minecraft:dark_oak_stairs":1,"minecraft:dandelion":2,"minecraft:prize_pottery_sherd":8,"minecraft:white_bed":6,"minecraft:spruce_log":5,"minecraft:spider_eye":3,"alexsmobs:kangaroo_hide":2,"minecraft:diamond":1,"waystones:waystone":1,"minecraft:granite":6,"minecraft:painting":1,"minecraft:emerald":9,"minecraft:plenty_pottery_sherd":3,"minecraft:coal":54},"minecraft:used":{"minecraft:decorated_pot":10,"minecraft:shield":9,"minecraft:iron_sword":137,"minecraft:torch":26,"minecraft:dirt":3,"alexsmobs:cooked_kangaroo_meat":1,"minecraft:carrot":2,"minecraft:golden_shovel":9,"minecraft:obsidian":2,"farmersdelight:tomato":3,"biomesoplenty:redwood_wood":1,"minecraft:spruce_button":1,"minecraft:furnace":5,"alexsmobs:banana":1,"minecraft:cooked_beef":4,"minecraft:calcite":1,"minecraft:cooked_mutton":1,"minecraft:dark_oak_stairs":1,"minecraft:tube_coral_block":9,"minecraft:baked_potato":8,"farmersdelight:golden_knife":21,"biomesoplenty:goldenrod":1,"minecraft:crafting_table":6,"minecraft:white_bed":7,"minecraft:painting":1,"waystones:waystone":1,"minecraft:bread":8,"minecraft:iron_pickaxe":132,"minecraft:suspicious_stew":1,"minecraft:cobblestone":5,"minecraft:cooked_porkchop":2,"minecraft:golden_pickaxe":2},"minecraft:mined":{"minecraft:white_bed":6,"farmersdelight:rich_soil":6,"minecraft:brewing_stand":1,"minecraft:granite":1,"biomesoplenty:bush":3,"minecraft:grass_block":3,"minecraft:decorated_pot":19,"biomesoplenty:dune_grass":11,"minecraft:hay_block":13,"minecraft:furnace":5,"farmersdelight:wild_rice":5,"minecraft:iron_ore":40,"minecraft:gold_block":3,"minecraft:dark_oak_stairs":1,"biomesoplenty:sea_oats":18,"biomesoplenty:barley":3,"minecraft:stone":35,"minecraft:white_wool":8,"farmersdelight:organic_compost":11,"minecraft:crafting_table":4,"minecraft:calcite":1,"minecraft:poppy":1,"minecraft:copper_ore":8,"minecraft:tall_grass":1,"minecraft:cobblestone":1,"farmersdelight:wild_tomatoes":8,"minecraft:wall_torch":1,"biomesoplenty:goldenrod":1,"minecraft:spruce_log":5,"minecraft:grass":16,"minecraft:coal_ore":35,"minecraft:dirt":2,"biomesoplenty:redwood_wood":1},"minecraft:custom":{"minecraft:mob_kills":40,"minecraft:interact_with_crafting_table":24,"minecraft:open_barrel":2,"minecraft:leave_game":1,"minecraft:time_since_death":130071,"minecraft:climb_one_cm":1613,"minecraft:sprint_one_cm":162865,"minecraft:walk_one_cm":281543,"minecraft:damage_blocked_by_shield":510,"minecraft:drop":59,"minecraft:talked_to_villager":2,"minecraft:play_time":130071,"minecraft:sneak_time":3840,"minecraft:walk_under_water_one_cm":33676,"minecraft:jump":2104,"minecraft:walk_on_water_one_cm":30316,"minecraft:total_world_time":130071,"minecraft:interact_with_furnace":39,"minecraft:sleep_in_bed":6,"minecraft:time_since_rest":37155,"minecraft:waystone_activated":1,"minecraft:damage_taken":1346,"minecraft:damage_dealt":6423,"minecraft:swim_one_cm":103097,"minecraft:fly_one_cm":316010,"minecraft:open_chest":12,"minecraft:crouch_one_cm":12886,"minecraft:fall_one_cm":55950},"minecraft:dropped":{"farmersdelight:tomato_seeds":9,"minecraft:bread":20,"minecraft:iron_sword":1,"minecraft:wheat_seeds":3,"minecraft:cooked_beef":1,"minecraft:baked_potato":9,"minecraft:crafting_table":1,"minecraft:iron_helmet":1,"minecraft:cobblestone":1,"minecraft:granite":6,"minecraft:saddle":1,"minecraft:coal":30,"farmersdelight:rice":5,"minecraft:red_mushroom":2,"minecraft:dirt":2,"biomesoplenty:goldenrod":1,"minecraft:gold_nugget":4,"minecraft:iron_pickaxe":1,"minecraft:skull_pottery_sherd":4,"minecraft:dandelion":2,"minecraft:furnace":1,"minecraft:bowl":2,"minecraft:raw_iron":1,"minecraft:rotten_flesh":14,"minecraft:golden_shovel":1,"minecraft:white_bed":1,"minecraft:iron_chestplate":1,"minecraft:andesite":1,"minecraft:spider_eye":3,"minecraft:wooden_pickaxe":1},"minecraft:killed":{"alexsmobs:seagull":1,"minecraft:horse":3,"minecraft:skeleton":5,"minecraft:drowned":1,"alexsmobs:kangaroo":1,"minecraft:pig":1,"alexsmobs:seal":2,"minecraft:wandering_trader":1,"alexsmobs:emu":2,"minecraft:sheep":1,"minecraft:trader_llama":2,"minecraft:zombie":12,"alexsmobs:elephant":1,"alexsmobs:gazelle":2,"minecraft:enderman":1,"minecraft:cow":3},"minecraft:crafted":{"minecraft:spruce_button":1,"minecraft:furnace":1,"minecraft:cooked_mutton":1,"sophisticatedbackpacks:copper_backpack":1,"minecraft:chest":1,"minecraft:wheat":117,"minecraft:cooked_beef":5,"sophisticatedbackpacks:backpack":1,"minecraft:cooked_porkchop":2,"minecraft:crafting_table":3,"minecraft:spruce_planks":20,"minecraft:baked_potato":23,"minecraft:iron_helmet":2,"alexsmobs:cooked_kangaroo_meat":1,"minecraft:copper_ingot":8,"minecraft:bread":40,"minecraft:air":0,"minecraft:iron_chestplate":2,"minecraft:stick":8,"minecraft:iron_ingot":36,"minecraft:iron_pickaxe":1,"minecraft:white_bed":2,"minecraft:acacia_planks":20,"minecraft:torch":16}},"DataVersion":3465}