{"stats":{"minecraft:picked_up":{"minecraft:iron_chestplate":2,"minecraft:crafting_table":6,"minecraft:suspicious_stew":1,"farmersdelight:rice_panicle":1,"minecraft:lead":2,"minecraft:mourner_pottery_sherd":2,"minecraft:wooden_pickaxe":2,"alexsmobs:roadrunner_feather":1,"minecraft:gold_block":3,"minecraft:golden_shovel":1,"minecraft:brewing_stand":1,"minecraft:shield":3,"minecraft:brick":14,"minecraft:string":5,"minecraft:raw_copper":93,"alexsmobs:emu_feather":6,"minecraft:bucket":1,"minecraft:spruce_planks":7,"minecraft:beef":9,"minecraft:calcite":1,"minecraft:poppy":1,"minecraft:iron_pickaxe":3,"biomesoplenty:redwood_wood":1,"minecraft:furnace":5,"minecraft:stick":4,"minecraft:raw_iron":41,"farmersdelight:rotten_tomato":1,"minecraft:torch":43,"minecraft:bowl":1,"minecraft:acacia_log":34,"minecraft:porkchop":2,"farmersdelight:tomato_seeds":10,"minecraft:skull_pottery_sherd":8,"minecraft:carrot":2,"minecraft:arrow":18,"minecraft:rotten_flesh":18,"minecraft:decorated_pot":10,"minecraft:hay_block":13,"farmersdelight:rope":5,"alexsmobs:emu_egg":3,"minecraft:saddle":2,"minecraft:gold_ingot":5,"sophisticatedbackpacks:copper_backpack":2,"minecraft:mutton":2,"minecraft:bone_block":64,"minecraft:cobblestone":306,"alexsmobs:kangaroo_meat":1,"minecraft:white_wool":10,"farmersdelight:rich_soil":6,"farmersdelight:rice":10,"minecraft:andesite":1,"biomesoplenty:goldenrod":2,"minecraft:leather":10,"minecraft:red_mushroom":2,"minecraft:potato":502,"minecraft:flint":2,"minecraft:gunpowder":11,"minecraft:dirt":17,"farmersdelight:tomato":27,"minecraft:leather_boots":3,"farmersdelight:organic_compost":12,"minecraft:bone":15,"minecraft:apple":2,"minecraft:wheat_seeds":3,"minecraft:iron_ingot":23,"minecraft:blade_pottery_sherd":1,"minecraft:iron_sword":4,"minecraft:dark_oak_stairs":1,"minecraft:dandelion":2,"minecraft:poisonous_potato":3,"minecraft:prize_pottery_sherd":8,"minecraft:white_bed":6,"minecraft:spruce_log":5,"alexsmobs:animal_dictionary":2,"minecraft:spider_eye":4,"alexsmobs:kangaroo_hide":2,"minecraft:diamond":1,"waystones:waystone":1,"minecraft:iron_helmet":2,"minecraft:granite":8,"minecraft:painting":1,"minecraft:bread":20,"minecraft:emerald":9,"minecraft:baked_potato":113,"minecraft:plenty_pottery_sherd":3,"minecraft:coal":137},"minecraft:used":{"minecraft:decorated_pot":10,"minecraft:shield":22,"minecraft:iron_sword":156,"minecraft:torch":37,"minecraft:dirt":6,"alexsmobs:cooked_kangaroo_meat":1,"minecraft:carrot":2,"minecraft:golden_shovel":9,"minecraft:obsidian":2,"farmersdelight:tomato":3,"biomesoplenty:redwood_wood":1,"minecraft:spruce_button":1,"minecraft:furnace":5,"alexsmobs:banana":1,"minecraft:potato":153,"minecraft:cooked_beef":4,"farmersdelight:tomato_seeds":1,"minecraft:calcite":1,"minecraft:cooked_mutton":1,"minecraft:dark_oak_stairs":1,"minecraft:water_bucket":1,"minecraft:tube_coral_block":9,"minecraft:baked_potato":11,"farmersdelight:golden_knife":21,"minecraft:leather_boots":1,"biomesoplenty:goldenrod":1,"minecraft:crafting_table":7,"minecraft:white_bed":7,"farmersdelight:rice":1,"minecraft:painting":1,"waystones:waystone":1,"minecraft:bread":9,"minecraft:iron_pickaxe":262,"minecraft:suspicious_stew":1,"minecraft:cobblestone":20,"minecraft:cooked_porkchop":2,"minecraft:bucket":1,"minecraft:bone_meal":90,"minecraft:golden_pickaxe":2},"minecraft:mined":{"minecraft:white_bed":6,"farmersdelight:rich_soil":6,"minecraft:brewing_stand":1,"minecraft:glow_lichen":1,"minecraft:granite":1,"biomesoplenty:bush":3,"minecraft:grass_block":4,"minecraft:decorated_pot":19,"farmersdelight:tomatoes":1,"biomesoplenty:dune_grass":11,"minecraft:hay_block":13,"minecraft:furnace":5,"farmersdelight:wild_rice":5,"minecraft:iron_ore":40,"minecraft:gold_block":3,"minecraft:dark_oak_stairs":1,"biomesoplenty:sea_oats":18,"minecraft:potatoes":136,"farmersdelight:rice_panicles":1,"biomesoplenty:barley":3,"minecraft:stone":139,"minecraft:white_wool":8,"farmersdelight:organic_compost":11,"minecraft:crafting_table":5,"minecraft:torch":1,"minecraft:calcite":1,"minecraft:poppy":1,"minecraft:copper_ore":8,"minecraft:tall_grass":2,"minecraft:cobblestone":1,"farmersdelight:wild_tomatoes":8,"minecraft:wall_torch":1,"biomesoplenty:goldenrod":1,"minecraft:spruce_log":5,"minecraft:grass":18,"minecraft:coal_ore":60,"minecraft:dirt":12,"biomesoplenty:redwood_wood":1},"minecraft:custom":{"minecraft:mob_kills":46,"minecraft:interact_with_crafting_table":28,"minecraft:open_barrel":2,"minecraft:leave_game":1,"minecraft:time_since_death":135,"minecraft:climb_one_cm":1613,"minecraft:sprint_one_cm":185525,"minecraft:walk_one_cm":408925,"minecraft:damage_blocked_by_shield":990,"minecraft:drop":73,"minecraft:talked_to_villager":2,"minecraft:play_time":166071,"minecraft:deaths":4,"minecraft:sneak_time":5170,"minecraft:walk_under_water_one_cm":40168,"minecraft:jump":2586,"minecraft:walk_on_water_one_cm":35641,"minecraft:total_world_time":166071,"minecraft:interact_with_furnace":40,"minecraft:sleep_in_bed":7,"minecraft:time_since_rest":175,"minecraft:waystone_activated":1,"minecraft:damage_taken":2591,"minecraft:damage_dealt":7453,"minecraft:swim_one_cm":103097,"minecraft:fly_one_cm":342250,"minecraft:open_chest":12,"minecraft:crouch_one_cm":17824,"minecraft:interact_with_smoker":20,"minecraft:fall_one_cm":66147},"minecraft:killed_by":{"minecraft:skeleton":3,"minecraft:zombie":1},"minecraft:dropped":{"farmersdelight:tomato_seeds":9,"minecraft:bread":26,"minecraft:iron_sword":1,"minecraft:wheat_seeds":3,"minecraft:cooked_beef":1,"minecraft:baked_potato":9,"minecraft:crafting_table":1,"minecraft:poisonous_potato":3,"minecraft:iron_helmet":1,"minecraft:cobblestone":1,"minecraft:granite":7,"minecraft:saddle":1,"minecraft:coal":31,"farmersdelight:rice":5,"minecraft:red_mushroom":2,"minecraft:dirt":2,"biomesoplenty:goldenrod":1,"minecraft:gold_nugget":4,"minecraft:bone_meal":318,"minecraft:iron_pickaxe":1,"minecraft:skull_pottery_sherd":4,"minecraft:dandelion":2,"farmersdelight:rotten_tomato":1,"minecraft:furnace":1,"minecraft:bowl":2,"minecraft:raw_iron":1,"minecraft:rotten_flesh":17,"minecraft:golden_shovel":1,"minecraft:white_bed":1,"minecraft:iron_chestplate":1,"minecraft:andesite":1,"minecraft:spider_eye":3,"minecraft:wooden_pickaxe":1},"minecraft:broken":{"minecraft:iron_pickaxe":1},"minecraft:killed":{"minecraft:spider":1,"alexsmobs:seagull":1,"minecraft:horse":3,"minecraft:skeleton":7,"minecraft:drowned":1,"alexsmobs:kangaroo":1,"minecraft:pig":1,"alexsmobs:seal":2,"minecraft:wandering_trader":1,"alexsmobs:emu":2,"minecraft:sheep":1,"minecraft:trader_llama":2,"minecraft:zombie":15,"alexsmobs:elephant":1,"alexsmobs:gazelle":2,"minecraft:enderman":1,"minecraft:cow":3},"minecraft:crafted":{"minecraft:spruce_button":1,"minecraft:furnace":1,"minecraft:bone_meal":408,"minecraft:cooked_mutton":1,"sophisticatedbackpacks:copper_backpack":1,"minecraft:chest":1,"minecraft:wheat":117,"minecraft:cooked_beef":5,"sophisticatedbackpacks:backpack":1,"minecraft:cooked_porkchop":2,"minecraft:crafting_table":4,"minecraft:spruce_planks":20,"minecraft:baked_potato":130,"minecraft:iron_helmet":2,"alexsmobs:cooked_kangaroo_meat":1,"minecraft:copper_ingot":8,"minecraft:bucket":1,"minecraft:bread":40,"minecraft:air":0,"minecraft:iron_chestplate":2,"minecraft:stick":16,"minecraft:iron_ingot":36,"minecraft:iron_pickaxe":2,"minecraft:white_bed":2,"minecraft:acacia_planks":24,"minecraft:torch":32}},"DataVersion":3465}