{"stats":{"minecraft:picked_up":{"minecraft:crafting_table":2,"farmersdelight:rice":10,"minecraft:suspicious_stew":1,"minecraft:leather":5,"minecraft:lead":2,"minecraft:mourner_pottery_sherd":2,"minecraft:wooden_pickaxe":2,"minecraft:gold_block":3,"minecraft:golden_shovel":1,"minecraft:shield":1,"minecraft:brick":14,"minecraft:dirt":2,"minecraft:apple":2,"alexsmobs:emu_feather":6,"minecraft:spruce_planks":7,"minecraft:beef":9,"minecraft:iron_ingot":1,"minecraft:blade_pottery_sherd":1,"minecraft:calcite":1,"minecraft:iron_sword":1,"minecraft:dark_oak_stairs":1,"minecraft:furnace":3,"minecraft:stick":2,"minecraft:bowl":1,"minecraft:porkchop":2,"minecraft:skull_pottery_sherd":4,"minecraft:prize_pottery_sherd":8,"minecraft:white_bed":4,"minecraft:spruce_log":5,"minecraft:carrot":2,"alexsmobs:kangaroo_hide":2,"minecraft:decorated_pot":10,"waystones:waystone":1,"minecraft:painting":1,"alexsmobs:emu_egg":3,"minecraft:plenty_pottery_sherd":3,"minecraft:mutton":2,"alexsmobs:kangaroo_meat":1,"minecraft:white_wool":10,"minecraft:cobblestone":16},"minecraft:used":{"minecraft:calcite":1,"minecraft:cooked_mutton":1,"minecraft:dark_oak_stairs":1,"minecraft:tube_coral_block":9,"farmersdelight:golden_knife":21,"minecraft:decorated_pot":10,"minecraft:iron_sword":74,"minecraft:dirt":2,"minecraft:crafting_table":3,"alexsmobs:cooked_kangaroo_meat":1,"minecraft:carrot":2,"minecraft:white_bed":4,"minecraft:painting":1,"minecraft:obsidian":2,"minecraft:bread":1,"minecraft:iron_pickaxe":6,"minecraft:suspicious_stew":1,"minecraft:furnace":3,"minecraft:cooked_porkchop":2,"alexsmobs:banana":1,"minecraft:cooked_beef":1,"minecraft:golden_pickaxe":2},"minecraft:mined":{"minecraft:white_bed":4,"minecraft:crafting_table":2,"minecraft:grass_block":2,"minecraft:calcite":1,"minecraft:decorated_pot":19,"biomesoplenty:dune_grass":11,"minecraft:furnace":3,"farmersdelight:wild_rice":5,"minecraft:spruce_log":5,"minecraft:gold_block":3,"minecraft:dark_oak_stairs":1,"biomesoplenty:sea_oats":18,"minecraft:grass":8,"minecraft:dirt":1,"biomesoplenty:barley":2,"minecraft:white_wool":8},"minecraft:custom":{"minecraft:interact_with_furnace":12,"minecraft:mob_kills":17,"minecraft:interact_with_crafting_table":7,"minecraft:open_barrel":2,"minecraft:time_since_death":59491,"minecraft:sleep_in_bed":3,"minecraft:climb_one_cm":1613,"minecraft:time_since_rest":4897,"minecraft:sprint_one_cm":71332,"minecraft:damage_taken":555,"minecraft:walk_one_cm":109256,"minecraft:drop":8,"minecraft:damage_dealt":3300,"minecraft:swim_one_cm":103097,"minecraft:talked_to_villager":2,"minecraft:fly_one_cm":149391,"minecraft:open_chest":6,"minecraft:crouch_one_cm":4458,"minecraft:play_time":59491,"minecraft:sneak_time":1712,"minecraft:walk_under_water_one_cm":28648,"minecraft:jump":837,"minecraft:walk_on_water_one_cm":26121,"minecraft:total_world_time":59491,"minecraft:fall_one_cm":21695},"minecraft:dropped":{"minecraft:cooked_beef":1,"minecraft:bowl":2,"minecraft:golden_shovel":1,"minecraft:white_bed":1,"farmersdelight:rice":5,"minecraft:gold_nugget":4,"minecraft:wooden_pickaxe":1},"minecraft:killed":{"minecraft:pig":1,"alexsmobs:seal":2,"minecraft:wandering_trader":1,"alexsmobs:seagull":1,"alexsmobs:emu":2,"minecraft:sheep":1,"minecraft:trader_llama":2,"alexsmobs:elephant":1,"alexsmobs:gazelle":2,"alexsmobs:kangaroo":1,"minecraft:cow":3},"minecraft:crafted":{"minecraft:cooked_beef":5,"minecraft:cooked_porkchop":2,"minecraft:crafting_table":1,"minecraft:spruce_planks":20,"alexsmobs:cooked_kangaroo_meat":1,"minecraft:furnace":1,"minecraft:bread":1,"minecraft:cooked_mutton":1,"minecraft:air":0,"minecraft:stick":4,"minecraft:iron_pickaxe":1,"minecraft:white_bed":2}},"DataVersion":3465}