{"stats":{"minecraft:broken":{"toughasnails:leaf_chestplate":3,"minecraft:golden_shovel":1,"toughasnails:leaf_leggings":3,"toughasnails:water_canteen":3,"minecraft:iron_pickaxe":1},"minecraft:killed":{"alexsmobs:lobster":1,"minecraft:witch":2,"minecraft:zombified_piglin":4,"minecraft:spider":15,"alexsmobs:murmur":4,"minecraft:skeleton":46,"alexsmobs:leafcutter_ant":7,"alexsmobs:straddler":9,"alexsmobs:centipede_head":12,"minecraft:piglin_brute":12,"alexsmobs:kangaroo":1,"minecraft:magma_cube":37,"minecraft:piglin":5,"minecraft:pig":2,"alexsmobs:seal":7,"alexsmobs:stradpole":7,"mutantmonsters:mutant_skeleton":1,"minecraft:strider":1,"minecraft:creeper":31,"minecraft:sheep":1,"minecraft:trader_llama":6,"minecraft:zombie":55,"alexsmobs:cachalot_whale":5,"minecraft:ghast":5,"minecraft:blaze":32,"minecraft:cow":3,"alexsmobs:seagull":1,"minecraft:phantom":16,"minecraft:horse":3,"alexsmobs:murmur_head":1,"alexsmobs:bison":2,"minecraft:drowned":10,"alexsmobs:flying_fish":1,"minecraft:bat":1,"minecraft:wandering_trader":3,"minecraft:hoglin":16,"minecraft:squid":1,"alexsmobs:emu":2,"alexsmobs:elephant":1,"alexsmobs:gazelle":2,"minecraft:wither_skeleton":10,"minecraft:enderman":7},"minecraft:dropped":{"sophisticatedbackpacks:iron_backpack":3,"farmersdelight:iron_knife":1,"minecraft:iron_sword":5,"minecraft:soul_sand":8,"minecraft:porkchop":9,"minecraft:cooked_beef":1,"minecraft:baked_potato":68,"minecraft:glass_bottle":46,"minecraft:diamond":3,"minecraft:crafting_table":2,"mca:bouquet":1,"minecraft:cookie":14,"farmersdelight:cooked_bacon":3,"minecraft:leather":2,"minecraft:saddle":1,"minecraft:emerald":1,"gunscraft:m1911":4,"minecraft:leather_helmet":1,"farmersdelight:rice":5,"minecraft:red_mushroom":3,"sophisticatedbackpacks:gold_backpack":4,"minecraft:cracked_polished_blackstone_bricks":5,"minecraft:dirt":14,"minecraft:polished_blackstone_brick_stairs":4,"alexsmobs:flying_fish":2,"minecraft:gold_nugget":8,"minecraft:gilded_blackstone":3,"minecraft:bone_meal":391,"minecraft:phantom_membrane":1,"minecraft:polished_blackstone_bricks":20,"gunscraft:m82a1":2,"minecraft:glistering_melon_slice":1,"minecraft:sugar":1,"minecraft:iron_pickaxe":2,"minecraft:cauldron":2,"minecraft:gold_ingot":23,"minecraft:bone":1,"minecraft:gravel":49,"minecraft:blackstone":80,"minecraft:iron_nugget":3,"minecraft:cobbled_deepslate":19,"minecraft:nether_brick":14,"minecraft:wheat":4,"minecraft:rotten_flesh":58,"minecraft:glowstone_dust":1,"gunscraft:holographic":1,"minecraft:golden_shovel":1,"minecraft:white_bed":1,"gunscraft:sniper_scope":1,"minecraft:carrot":4,"farmersdelight:rice_panicle":3,"minecraft:gunpowder":1,"gunscraft:big_cal_ammo_provider":2,"minecraft:leather_boots":5,"minecraft:leather_leggings":1,"minecraft:basalt":8,"minecraft:iron_bars":2,"minecraft:netherrack":1,"minecraft:glass":3,"gunscraft:mini_m249":1,"minecraft:quartz":1,"minecraft:oak_leaves":24,"alexsmobs:lava_bottle":1,"minecraft:water_bucket":4,"farmersdelight:tomato_seeds":9,"minecraft:stone_hoe":1,"minecraft:iron_ingot":1,"minecraft:bread":51,"minecraft:wheat_seeds":33,"minecraft:golden_helmet":2,"minecraft:polished_blackstone":2,"minecraft:horn_coral_block":30,"gunscraft:m870":4,"minecraft:poisonous_potato":3,"minecraft:iron_helmet":4,"minecraft:cobblestone":84,"minecraft:amethyst_block":8,"minecraft:granite":8,"minecraft:nether_brick_wall":1,"minecraft:grass_block":1,"gunscraft:suppressor":1,"minecraft:coal":87,"minecraft:stick":4,"minecraft:dried_kelp_block":1,"gunscraft:cash":11,"biomesoplenty:goldenrod":1,"minecraft:diorite":4,"gunscraft:pistol_ammo_provider":4,"alexsmobs:leafcutter_ant_chamber":1,"minecraft:torch":2,"minecraft:melon_slice":1,"toughasnails:leaf_boots":3,"minecraft:iron_leggings":1,"minecraft:potion":6,"minecraft:fire_charge":2,"toughasnails:leaf_helmet":1,"minecraft:polished_blackstone_brick_slab":7,"minecraft:iron_axe":1,"minecraft:mud":1,"biomesoplenty:glowshroom":3,"toughasnails:leaf_leggings":1,"minecraft:string":6,"farmersdelight:rich_soil":6,"minecraft:acacia_planks":2,"minecraft:smooth_basalt":1,"minecraft:skull_pottery_sherd":4,"minecraft:dandelion":2,"minecraft:redstone":2,"farmersdelight:rotten_tomato":1,"minecraft:furnace":1,"toughasnails:empty_canteen":3,"toughasnails:leaf_chestplate":7,"minecraft:stone_sword":1,"minecraft:raw_copper":68,"minecraft:bowl":2,"minecraft:tuff":5,"alexsmobs:pigshoes":2,"gunscraft:laser_sight":1,"minecraft:raw_iron":2,"minecraft:iron_boots":1,"minecraft:slime_block":1,"minecraft:filled_map":1,"minecraft:suspicious_stew":1,"minecraft:potato":74,"minecraft:shield":3,"minecraft:allium":2,"minecraft:iron_chestplate":2,"gunscraft:shotgun_ammo_provider":7,"minecraft:diamond_pickaxe":3,"minecraft:andesite":1,"minecraft:oak_boat":1,"gunscraft:pistol_exp_mag":2,"gunscraft:pistol_9mm":2,"minecraft:golden_leggings":2,"minecraft:oak_sapling":6,"minecraft:golden_sword":1,"minecraft:spider_eye":13,"minecraft:bow":5,"minecraft:wooden_pickaxe":1,"minecraft:calcite":1},"minecraft:mined":{"minecraft:large_amethyst_bud":1,"minecraft:white_bed":7,"biomesoplenty:glowshroom":9,"farmersdelight:rich_soil":6,"minecraft:red_nether_bricks":7,"alexsmobs:leafcutter_anthill":2,"minecraft:jungle_leaves":1,"minecraft:brewing_stand":3,"minecraft:obsidian":17,"minecraft:granite":2,"minecraft:grass_block":7,"minecraft:cracked_polished_blackstone_bricks":7,"minecraft:hopper":3,"minecraft:polished_blackstone_brick_slab":6,"minecraft:nether_wart":26,"minecraft:spawner":3,"minecraft:gilded_blackstone":4,"minecraft:tall_seagrass":9,"minecraft:polished_blackstone_bricks":17,"farmersdelight:wild_rice":5,"minecraft:iron_ore":92,"minecraft:fire":11,"minecraft:cobbled_deepslate":7,"minecraft:dark_oak_stairs":1,"enchantmentmachine:enchanter_block":1,"biomesoplenty:glowshroom_block":31,"minecraft:iron_bars":2,"farmersdelight:rice_panicles":1,"minecraft:iron_block":2,"minecraft:deepslate_redstone_ore":10,"minecraft:kelp_plant":10,"farmersdelight:organic_compost":11,"minecraft:blackstone":32,"biomesoplenty:glowing_moss_carpet":1,"minecraft:amethyst_cluster":12,"minecraft:torch":5,"minecraft:calcite":4,"minecraft:poppy":1,"minecraft:melon":25,"minecraft:chest":2,"minecraft:mushroom_stem":4,"gunscraft:vending_machine":5,"minecraft:nether_quartz_ore":1,"minecraft:cobblestone":3,"minecraft:wall_torch":3,"minecraft:amethyst_block":5,"minecraft:cauldron":3,"biomesoplenty:goldenrod":1,"minecraft:seagrass":1,"minecraft:grass":31,"minecraft:oak_log":138,"minecraft:sand":45,"minecraft:dirt":14,"minecraft:smooth_basalt":2,"minecraft:netherrack":76,"biomesoplenty:glowing_moss_block":4,"minecraft:deepslate":62,"minecraft:oak_leaves":181,"minecraft:nether_gold_ore":29,"minecraft:tuff":8,"minecraft:deepslate_diamond_ore":7,"minecraft:nether_brick_wall":1,"minecraft:nether_bricks":6,"minecraft:glow_lichen":1,"biomesoplenty:bush":5,"minecraft:decorated_pot":19,"minecraft:redstone_wire":2,"alexsmobs:leafcutter_ant_chamber":1,"farmersdelight:tomatoes":1,"minecraft:kelp":4,"minecraft:sandstone":3,"minecraft:cracked_nether_bricks":1,"biomesoplenty:dune_grass":11,"minecraft:hay_block":20,"minecraft:furnace":13,"minecraft:gold_block":33,"biomesoplenty:sea_oats":18,"minecraft:bookshelf":51,"minecraft:potatoes":136,"biomesoplenty:high_grass":15,"minecraft:deepslate_iron_ore":92,"biomesoplenty:barley":3,"minecraft:white_wool":8,"minecraft:stone":199,"minecraft:basalt":1,"minecraft:polished_blackstone_brick_wall":3,"minecraft:crafting_table":7,"biomesoplenty:high_grass_plant":48,"minecraft:copper_ore":10,"minecraft:tall_grass":3,"biomesoplenty:sprout":3,"farmersdelight:wild_tomatoes":8,"minecraft:deepslate_gold_ore":30,"minecraft:polished_blackstone_brick_stairs":3,"minecraft:diorite":4,"minecraft:spruce_log":5,"minecraft:coal_ore":66,"minecraft:polished_blackstone":5,"minecraft:gold_ore":3,"biomesoplenty:redwood_wood":1,"minecraft:fern":14},"minecraft:picked_up":{"toughasnails:leaf_leggings":8,"minecraft:iron_chestplate":7,"minecraft:wheat":4,"aquaculture:synodontis":3,"minecraft:suspicious_stew":2,"gunscraft:pistol_ammo_provider":30,"minecraft:lead":6,"minecraft:diamond_sword":4,"farmersdelight:rice_panicle":3,"minecraft:enchanted_book":1,"minecraft:potion":15,"minecraft:golden_shovel":1,"minecraft:gilded_blackstone":9,"minecraft:nether_brick":14,"minecraft:brewing_stand":3,"minecraft:golden_sword":9,"minecraft:amethyst_block":8,"minecraft:polished_blackstone_brick_stairs":7,"minecraft:string":24,"gunscraft:rifle_ammo_provider":9,"mutantmonsters:mutant_skeleton_skull":1,"minecraft:raw_copper":105,"minecraft:red_nether_bricks":7,"minecraft:iron_leggings":4,"alexsmobs:emu_feather":6,"minecraft:gold_nugget":71,"minecraft:cobbled_deepslate":83,"minecraft:horn_coral_block":60,"minecraft:bucket":5,"minecraft:spruce_planks":7,"toughasnails:leaf_boots":8,"minecraft:iron_boots":1,"minecraft:calcite":4,"minecraft:iron_pickaxe":18,"minecraft:melon_slice":133,"biomesoplenty:redwood_wood":1,"gunscraft:suppressor":5,"alexsmobs:leafcutter_ant_chamber":1,"minecraft:furnace":11,"minecraft:golden_helmet":3,"minecraft:tipped_arrow":5,"minecraft:polished_blackstone_brick_slab":14,"minecraft:stick":22,"farmersdelight:rotten_tomato":1,"minecraft:torch":94,"minecraft:acacia_log":70,"minecraft:porkchop":91,"minecraft:golden_axe":1,"minecraft:diorite":4,"alexsmobs:centipede_leg":15,"minecraft:cauldron":6,"mutantmonsters:mutant_skeleton_pelvis":1,"minecraft:stone_sword":1,"minecraft:nether_gold_ore":60,"minecraft:rotten_flesh":63,"gunscraft:laser_sight":2,"gunscraft:red_dot":1,"minecraft:iron_block":2,"farmersdelight:rope":5,"alexsmobs:emu_egg":3,"minecraft:blaze_rod":17,"mutantmonsters:mutant_skeleton_shoulder_pad":2,"minecraft:obsidian":19,"minecraft:iron_bars":2,"alexsmobs:flying_fish":2,"minecraft:cobblestone":882,"minecraft:leather_chestplate":1,"minecraft:andesite":1,"minecraft:magma_cream":4,"farmersdelight:rice":10,"minecraft:water_bucket":4,"gunscraft:vending_machine":5,"minecraft:golden_leggings":2,"biomesoplenty:glowshroom":19,"minecraft:potato":539,"gunscraft:hk416":1,"alexsmobs:bison_fur":2,"minecraft:flint":4,"minecraft:tuff":9,"farmersdelight:cooked_bacon":1,"minecraft:lapis_lazuli":48,"farmersdelight:tomato":27,"minecraft:dirt":47,"gunscraft:mg3":2,"gunscraft:ar_tactical_stock":1,"gunscraft:cash":165,"minecraft:leather_boots":12,"minecraft:glass":7,"minecraft:bone":80,"minecraft:acacia_planks":8,"minecraft:bow":12,"minecraft:wheat_seeds":34,"minecraft:raw_gold":35,"minecraft:diamond_helmet":13,"minecraft:glowstone_dust":1,"minecraft:oak_planks":3,"minecraft:stone_hoe":4,"enchantmentmachine:enchanter_block":1,"gunscraft:flashlight":3,"minecraft:poisonous_potato":3,"minecraft:sand":69,"sophisticatedbackpacks:iron_backpack":7,"minecraft:grass_block":2,"minecraft:spectral_arrow":6,"alexsmobs:animal_dictionary":5,"gunscraft:m82a1":7,"gunscraft:m870":7,"alexsmobs:kangaroo_hide":2,"toughasnails:water_canteen":1,"minecraft:diamond":25,"minecraft:slime_block":2,"waystones:waystone":2,"minecraft:cracked_polished_blackstone_bricks":11,"gunscraft:ak_tactical_stock":1,"minecraft:crossbow":1,"minecraft:granite":9,"minecraft:bone_meal":1,"gunscraft:shotgun_ammo_provider":11,"minecraft:bread":80,"minecraft:emerald":9,"minecraft:plenty_pottery_sherd":3,"minecraft:oak_sapling":6,"minecraft:netherrack":131,"minecraft:oak_leaves":131,"minecraft:diamond_pickaxe":16,"mca:bouquet":1,"minecraft:mud":1,"sophisticatedbackpacks:gold_backpack":18,"minecraft:cocoa_beans":3,"minecraft:crafting_table":12,"minecraft:allium":2,"minecraft:splash_potion":1,"gunscraft:assault_expansion_mag":1,"minecraft:nether_wart":77,"minecraft:leather_leggings":1,"minecraft:mourner_pottery_sherd":2,"minecraft:wooden_pickaxe":2,"alexsmobs:roadrunner_feather":1,"minecraft:gold_block":59,"minecraft:diamond_horse_armor":3,"minecraft:shield":10,"gunscraft:grip":2,"minecraft:brick":14,"minecraft:iron_axe":2,"alexsmobs:pigshoes":3,"minecraft:iron_shovel":1,"minecraft:blackstone":165,"minecraft:beef":9,"minecraft:oak_boat":2,"alexsmobs:elastic_tendon":4,"minecraft:iron_nugget":2,"minecraft:poppy":3,"minecraft:chest":2,"farmersdelight:golden_knife":3,"minecraft:phantom_membrane":7,"minecraft:raw_iron":206,"minecraft:sandstone":3,"enchantmentmachine:enchantment_block":1,"gunscraft:big_cal_ammo_provider":5,"minecraft:bowl":1,"alexsmobs:straddlite":2,"minecraft:fire_charge":26,"minecraft:polished_blackstone_bricks":55,"farmersdelight:tomato_seeds":24,"minecraft:skull_pottery_sherd":8,"minecraft:cookie":14,"minecraft:carrot":10,"minecraft:redstone":46,"minecraft:iron_horse_armor":2,"mutantmonsters:creeper_shard":1,"toughasnails:empty_canteen":4,"minecraft:arrow":119,"minecraft:nether_brick_wall":1,"gunscraft:mini_m249":9,"minecraft:nether_bricks":8,"minecraft:decorated_pot":10,"minecraft:jungle_stairs":1,"minecraft:hay_block":20,"gunscraft:pistol_exp_mag":4,"gunscraft:sniper_scope":2,"mutantmonsters:mutant_skeleton_rib":6,"minecraft:saddle":2,"minecraft:gold_ingot":113,"sophisticatedbackpacks:copper_backpack":4,"alexsmobs:kangaroo_meat":1,"minecraft:polished_blackstone":10,"minecraft:mutton":2,"minecraft:white_wool":10,"minecraft:bone_block":64,"biomesoplenty:orange_sand":5,"farmersdelight:rich_soil":6,"minecraft:basalt":11,"biomesoplenty:goldenrod":2,"minecraft:leather":23,"minecraft:red_mushroom":3,"alexsmobs:cachalot_whale_tooth":1,"minecraft:chainmail_chestplate":3,"minecraft:oak_log":144,"minecraft:golden_boots":6,"gunscraft:pistol_9mm":15,"minecraft:gunpowder":27,"mutantmonsters:mutant_skeleton_limb":8,"minecraft:paper":15,"minecraft:white_banner":1,"biomesoplenty:glowing_moss_carpet":1,"farmersdelight:organic_compost":12,"minecraft:apple":7,"minecraft:kelp":213,"minecraft:iron_ingot":37,"minecraft:blade_pottery_sherd":1,"minecraft:glass_bottle":40,"minecraft:iron_sword":15,"minecraft:soul_sand":10,"minecraft:dark_oak_stairs":1,"sophisticatedbackpacks:diamond_backpack":2,"minecraft:book":150,"toughasnails:leaf_chestplate":13,"minecraft:smooth_basalt":1,"gunscraft:rifle_exp_mag":1,"gunscraft:assault_rifle_ammo_provider":12,"alexsmobs:falconry_hood":2,"minecraft:cracked_nether_bricks":1,"minecraft:quartz":1,"minecraft:dandelion":2,"minecraft:gravel":49,"gunscraft:scope_x4":1,"minecraft:amethyst_shard":84,"gunscraft:holographic":3,"minecraft:prize_pottery_sherd":8,"alexsmobs:lava_bottle":1,"minecraft:white_bed":7,"minecraft:spruce_log":5,"minecraft:crying_obsidian":14,"biomesoplenty:glowing_moss_block":2,"minecraft:spider_eye":15,"minecraft:leather_helmet":1,"biomesoplenty:mahogany_log":1,"minecraft:slime_ball":6,"gunscraft:m1911":14,"minecraft:stone_axe":1,"gunscraft:light_laser_sight":2,"minecraft:iron_helmet":7,"minecraft:painting":1,"minecraft:polished_blackstone_brick_wall":4,"minecraft:baked_potato":455,"minecraft:coal":219,"minecraft:hopper":3,"minecraft:ender_pearl":6},"minecraft:used":{"minecraft:chest":6,"minecraft:decorated_pot":10,"minecraft:polished_blackstone":3,"minecraft:shield":57,"minecraft:iron_sword":233,"enchantmentmachine:enchanter_block":2,"minecraft:nether_bricks":6,"minecraft:carrot":2,"aquaculture:synodontis":3,"minecraft:obsidian":12,"minecraft:tuff":4,"minecraft:lava_bucket":9,"farmersdelight:tomato":27,"minecraft:grass_block":1,"minecraft:polished_blackstone_brick_wall":4,"minecraft:iron_helmet":1,"minecraft:golden_sword":3,"minecraft:hay_block":2,"minecraft:furnace":14,"minecraft:potato":162,"minecraft:golden_boots":1,"minecraft:dark_oak_stairs":1,"minecraft:blackstone":18,"minecraft:sandstone":3,"toughasnails:water_canteen":47,"minecraft:cookie":20,"minecraft:sand":3,"biomesoplenty:goldenrod":1,"farmersdelight:rice":1,"minecraft:shears":156,"waystones:waystone":2,"minecraft:melon_slice":43,"minecraft:bread":35,"enchantmentmachine:disenchanter_block":1,"biomesoplenty:glowing_moss_carpet":1,"minecraft:diamond_sword":45,"minecraft:fire_charge":3,"minecraft:golden_pickaxe":16,"minecraft:oak_boat":1,"minecraft:air":10,"minecraft:bone_meal":90,"ironfurnaces:gold_furnace":1,"minecraft:polished_blackstone_brick_slab":3,"minecraft:enchanting_table":1,"biomesoplenty:glowing_moss_block":2,"biomesoplenty:glowshroom":16,"toughasnails:leaf_boots":7,"minecraft:stone_hoe":15,"minecraft:netherrack":18,"minecraft:torch":140,"minecraft:brewing_stand":3,"minecraft:dirt":8,"minecraft:hopper":5,"minecraft:chainmail_chestplate":1,"toughasnails:empty_canteen":4,"alexsmobs:cooked_kangaroo_meat":1,"minecraft:diamond_helmet":1,"minecraft:golden_shovel":32,"minecraft:bookshelf":18,"biomesoplenty:redwood_wood":1,"minecraft:iron_axe":206,"minecraft:spruce_button":1,"biomesoplenty:orange_sand":5,"minecraft:basalt":3,"minecraft:golden_carrot":1,"farmersdelight:tomato_seeds":1,"enchantmentmachine:enchantment_block":2,"minecraft:cooked_beef":4,"alexsmobs:banana":1,"minecraft:cobbled_deepslate":64,"minecraft:calcite":3,"minecraft:cooked_mutton":1,"minecraft:water_bucket":35,"toughasnails:leaf_leggings":3,"minecraft:tube_coral_block":9,"minecraft:glass_bottle":166,"minecraft:baked_potato":63,"minecraft:red_nether_bricks":5,"farmersdelight:golden_knife":21,"minecraft:cauldron":1,"minecraft:leather_boots":1,"minecraft:polished_blackstone_bricks":14,"minecraft:gilded_blackstone":2,"minecraft:crafting_table":12,"minecraft:white_bed":8,"minecraft:painting":1,"minecraft:diamond_pickaxe":488,"minecraft:apple":10,"minecraft:cracked_polished_blackstone_bricks":3,"minecraft:iron_pickaxe":425,"minecraft:jungle_stairs":1,"minecraft:suspicious_stew":1,"minecraft:cracked_nether_bricks":1,"gunscraft:vending_machine":6,"farmersdelight:cooked_bacon":1,"minecraft:potion":165,"minecraft:cobblestone":49,"minecraft:cooked_porkchop":2,"minecraft:bucket":57},"minecraft:custom":{"minecraft:interact_with_crafting_table":193,"minecraft:open_barrel":50,"minecraft:leave_game":12,"minecraft:time_since_death":2459,"minecraft:sprint_one_cm":816535,"minecraft:damage_blocked_by_shield":2515,"minecraft:drop":436,"minecraft:talked_to_villager":3,"minecraft:play_time":970056,"minecraft:deaths":45,"minecraft:interact_with_brewingstand":3,"minecraft:jump":10991,"minecraft:walk_on_water_one_cm":158407,"minecraft:enchant_item":5,"minecraft:interact_with_furnace":154,"minecraft:sleep_in_bed":11,"minecraft:waystone_activated":4,"minecraft:damage_dealt":12071,"minecraft:player_kills":1,"minecraft:crouch_one_cm":108474,"minecraft:interact_with_smoker":25,"minecraft:use_cauldron":37,"minecraft:mob_kills":393,"minecraft:inspect_hopper":11,"minecraft:fill_cauldron":5,"minecraft:damage_dealt_resisted":7025,"minecraft:climb_one_cm":1763,"minecraft:walk_one_cm":2087810,"minecraft:damage_dealt_absorbed":5905,"minecraft:sneak_time":32386,"minecraft:walk_under_water_one_cm":134976,"minecraft:boat_one_cm":100075,"minecraft:total_world_time":970056,"minecraft:time_since_rest":2495,"minecraft:damage_taken":19765,"minecraft:swim_one_cm":218634,"minecraft:fly_one_cm":1248160,"minecraft:open_chest":200,"minecraft:fall_one_cm":275533},"minecraft:crafted":{"minecraft:oak_planks":196,"enchantmentmachine:enchantment_block":1,"ironfurnaces:iron_furnace":1,"enchantmentmachine:disenchanter_block":1,"minecraft:bookshelf":27,"toughasnails:leaf_leggings":4,"minecraft:cooked_mutton":1,"minecraft:glass":30,"minecraft:hopper":3,"minecraft:bow":2,"minecraft:iron_boots":2,"sophisticatedbackpacks:copper_backpack":1,"minecraft:chest":10,"toughasnails:leaf_helmet":2,"minecraft:dried_kelp_block":5,"minecraft:glass_bottle":9,"toughasnails:leaf_boots":2,"sophisticatedbackpacks:backpack":2,"minecraft:cauldron":1,"minecraft:cooked_porkchop":2,"minecraft:diamond_axe":2,"minecraft:crafting_table":6,"minecraft:spruce_planks":20,"minecraft:iron_helmet":2,"minecraft:baked_potato":154,"minecraft:copper_ingot":8,"minecraft:gold_block":1,"minecraft:iron_chestplate":3,"minecraft:diamond_pickaxe":1,"sophisticatedbackpacks:diamond_backpack":1,"minecraft:stick":52,"gunscraft:vending_machine":1,"minecraft:iron_ingot":134,"minecraft:iron_pickaxe":2,"minecraft:iron_block":1,"minecraft:gold_ingot":458,"minecraft:shears":1,"toughasnails:empty_canteen":2,"ironfurnaces:gold_furnace":1,"biomesoplenty:mahogany_planks":4,"minecraft:spruce_button":1,"minecraft:furnace":4,"minecraft:bone_meal":480,"minecraft:glass_pane":16,"minecraft:diamond":90,"minecraft:iron_axe":1,"minecraft:wheat":162,"minecraft:glistering_melon_slice":1,"sophisticatedbackpacks:iron_backpack":2,"minecraft:cooked_beef":5,"enchantmentmachine:enchanter_block":1,"toughasnails:leaf_chestplate":5,"minecraft:enchanting_table":1,"alexsmobs:cooked_kangaroo_meat":1,"sophisticatedbackpacks:gold_backpack":2,"minecraft:bucket":13,"minecraft:air":0,"minecraft:bread":55,"minecraft:gold_nugget":9,"minecraft:iron_shovel":1,"minecraft:iron_leggings":1,"minecraft:white_bed":2,"minecraft:acacia_planks":136,"minecraft:torch":124},"minecraft:killed_by":{"minecraft:zombified_piglin":2,"minecraft:wither_skeleton":9,"alexsmobs:straddler":1,"minecraft:blaze":5,"minecraft:zombie":6,"minecraft:player":5,"minecraft:enderman":1,"minecraft:skeleton":6}},"DataVersion":3465}