{"stats":{"minecraft:picked_up":{"minecraft:crafting_table":3,"minecraft:suspicious_stew":1,"minecraft:lead":2,"minecraft:mourner_pottery_sherd":2,"minecraft:wooden_pickaxe":2,"minecraft:gold_block":3,"minecraft:golden_shovel":1,"minecraft:brewing_stand":1,"minecraft:shield":1,"minecraft:brick":14,"minecraft:string":5,"alexsmobs:emu_feather":6,"minecraft:spruce_planks":7,"minecraft:beef":9,"minecraft:calcite":1,"minecraft:poppy":1,"biomesoplenty:redwood_wood":1,"minecraft:furnace":3,"minecraft:stick":2,"minecraft:raw_iron":4,"minecraft:torch":16,"minecraft:bowl":1,"minecraft:acacia_log":34,"minecraft:porkchop":2,"farmersdelight:tomato_seeds":9,"minecraft:skull_pottery_sherd":8,"minecraft:carrot":2,"minecraft:arrow":9,"minecraft:rotten_flesh":6,"minecraft:decorated_pot":10,"minecraft:hay_block":13,"farmersdelight:rope":5,"alexsmobs:emu_egg":3,"minecraft:saddle":1,"minecraft:gold_ingot":5,"minecraft:mutton":2,"minecraft:bone_block":64,"minecraft:cobblestone":33,"alexsmobs:kangaroo_meat":1,"minecraft:white_wool":10,"farmersdelight:rich_soil":6,"farmersdelight:rice":10,"biomesoplenty:goldenrod":2,"minecraft:leather":10,"minecraft:red_mushroom":2,"minecraft:gunpowder":8,"minecraft:dirt":5,"farmersdelight:tomato":3,"farmersdelight:organic_compost":12,"minecraft:bone":5,"minecraft:apple":2,"minecraft:wheat_seeds":3,"minecraft:iron_ingot":5,"minecraft:blade_pottery_sherd":1,"minecraft:iron_sword":2,"minecraft:dark_oak_stairs":1,"minecraft:dandelion":2,"minecraft:prize_pottery_sherd":8,"minecraft:white_bed":6,"minecraft:spruce_log":5,"minecraft:spider_eye":3,"alexsmobs:kangaroo_hide":2,"minecraft:diamond":1,"waystones:waystone":1,"minecraft:painting":1,"minecraft:emerald":9,"minecraft:plenty_pottery_sherd":3,"minecraft:coal":38},"minecraft:used":{"minecraft:decorated_pot":10,"minecraft:shield":6,"minecraft:iron_sword":106,"minecraft:torch":12,"minecraft:dirt":3,"alexsmobs:cooked_kangaroo_meat":1,"minecraft:carrot":2,"minecraft:golden_shovel":9,"minecraft:obsidian":2,"farmersdelight:tomato":3,"biomesoplenty:redwood_wood":1,"minecraft:spruce_button":1,"minecraft:furnace":4,"alexsmobs:banana":1,"minecraft:cooked_beef":4,"minecraft:calcite":1,"minecraft:cooked_mutton":1,"minecraft:dark_oak_stairs":1,"minecraft:tube_coral_block":9,"minecraft:baked_potato":1,"farmersdelight:golden_knife":21,"biomesoplenty:goldenrod":1,"minecraft:crafting_table":6,"minecraft:white_bed":7,"minecraft:painting":1,"waystones:waystone":1,"minecraft:bread":8,"minecraft:iron_pickaxe":43,"minecraft:suspicious_stew":1,"minecraft:cooked_porkchop":2,"minecraft:golden_pickaxe":2},"minecraft:mined":{"minecraft:white_bed":6,"farmersdelight:rich_soil":6,"minecraft:brewing_stand":1,"biomesoplenty:bush":3,"minecraft:grass_block":3,"minecraft:decorated_pot":19,"biomesoplenty:dune_grass":11,"minecraft:hay_block":13,"minecraft:furnace":3,"farmersdelight:wild_rice":5,"minecraft:iron_ore":4,"minecraft:gold_block":3,"minecraft:dark_oak_stairs":1,"biomesoplenty:sea_oats":18,"biomesoplenty:barley":3,"minecraft:stone":12,"minecraft:white_wool":8,"farmersdelight:organic_compost":11,"minecraft:crafting_table":3,"minecraft:calcite":1,"minecraft:poppy":1,"minecraft:tall_grass":1,"farmersdelight:wild_tomatoes":8,"biomesoplenty:goldenrod":1,"minecraft:spruce_log":5,"minecraft:grass":16,"minecraft:coal_ore":18,"minecraft:dirt":2,"biomesoplenty:redwood_wood":1},"minecraft:custom":{"minecraft:mob_kills":29,"minecraft:interact_with_crafting_table":15,"minecraft:open_barrel":2,"minecraft:leave_game":1,"minecraft:time_since_death":106071,"minecraft:climb_one_cm":1613,"minecraft:sprint_one_cm":147580,"minecraft:walk_one_cm":228810,"minecraft:damage_blocked_by_shield":225,"minecraft:drop":42,"minecraft:talked_to_villager":2,"minecraft:play_time":106071,"minecraft:sneak_time":3371,"minecraft:walk_under_water_one_cm":33676,"minecraft:jump":1754,"minecraft:walk_on_water_one_cm":30316,"minecraft:total_world_time":106071,"minecraft:interact_with_furnace":19,"minecraft:sleep_in_bed":6,"minecraft:time_since_rest":13155,"minecraft:waystone_activated":1,"minecraft:damage_taken":1063,"minecraft:damage_dealt":5107,"minecraft:swim_one_cm":103097,"minecraft:fly_one_cm":284310,"minecraft:open_chest":12,"minecraft:crouch_one_cm":10997,"minecraft:fall_one_cm":45869},"minecraft:dropped":{"farmersdelight:tomato_seeds":9,"minecraft:bread":20,"minecraft:iron_sword":1,"minecraft:wheat_seeds":3,"minecraft:cooked_beef":1,"minecraft:baked_potato":9,"minecraft:iron_helmet":1,"minecraft:saddle":1,"minecraft:coal":26,"farmersdelight:rice":5,"minecraft:red_mushroom":2,"minecraft:dirt":2,"biomesoplenty:goldenrod":1,"minecraft:gold_nugget":4,"minecraft:skull_pottery_sherd":4,"minecraft:dandelion":2,"minecraft:bowl":2,"minecraft:rotten_flesh":6,"minecraft:golden_shovel":1,"minecraft:white_bed":1,"minecraft:spider_eye":3,"minecraft:wooden_pickaxe":1},"minecraft:killed":{"alexsmobs:seagull":1,"minecraft:horse":3,"minecraft:skeleton":5,"minecraft:drowned":1,"alexsmobs:kangaroo":1,"minecraft:pig":1,"alexsmobs:seal":2,"minecraft:wandering_trader":1,"alexsmobs:emu":2,"minecraft:sheep":1,"minecraft:trader_llama":2,"minecraft:zombie":2,"alexsmobs:elephant":1,"alexsmobs:gazelle":2,"minecraft:cow":3},"minecraft:crafted":{"minecraft:spruce_button":1,"minecraft:furnace":1,"minecraft:cooked_mutton":1,"minecraft:chest":1,"minecraft:wheat":117,"minecraft:cooked_beef":5,"sophisticatedbackpacks:backpack":1,"minecraft:cooked_porkchop":2,"minecraft:crafting_table":3,"minecraft:spruce_planks":20,"minecraft:baked_potato":15,"minecraft:iron_helmet":2,"alexsmobs:cooked_kangaroo_meat":1,"minecraft:bread":40,"minecraft:air":0,"minecraft:stick":8,"minecraft:iron_ingot":4,"minecraft:iron_pickaxe":1,"minecraft:white_bed":2,"minecraft:acacia_planks":20,"minecraft:torch":16}},"DataVersion":3465}