{"stats":{"minecraft:picked_up":{"farmersdelight:rich_soil":6,"minecraft:crafting_table":3,"farmersdelight:rice":10,"minecraft:suspicious_stew":1,"biomesoplenty:goldenrod":2,"minecraft:leather":10,"minecraft:lead":2,"minecraft:mourner_pottery_sherd":2,"minecraft:wooden_pickaxe":2,"minecraft:red_mushroom":2,"minecraft:gold_block":3,"minecraft:golden_shovel":1,"minecraft:brewing_stand":1,"minecraft:brick":14,"minecraft:shield":1,"farmersdelight:tomato":3,"minecraft:dirt":5,"minecraft:bone":3,"farmersdelight:organic_compost":12,"minecraft:apple":2,"minecraft:wheat_seeds":3,"alexsmobs:emu_feather":6,"minecraft:spruce_planks":7,"minecraft:iron_ingot":1,"minecraft:beef":9,"minecraft:blade_pottery_sherd":1,"minecraft:calcite":1,"minecraft:poppy":1,"biomesoplenty:redwood_wood":1,"minecraft:iron_sword":1,"minecraft:furnace":3,"minecraft:dark_oak_stairs":1,"minecraft:stick":2,"minecraft:acacia_log":5,"minecraft:torch":16,"minecraft:dandelion":1,"minecraft:bowl":1,"minecraft:porkchop":2,"farmersdelight:tomato_seeds":9,"minecraft:skull_pottery_sherd":4,"minecraft:prize_pottery_sherd":8,"minecraft:white_bed":6,"minecraft:spruce_log":5,"minecraft:carrot":2,"alexsmobs:kangaroo_hide":2,"minecraft:arrow":3,"minecraft:rotten_flesh":2,"minecraft:decorated_pot":10,"waystones:waystone":1,"minecraft:hay_block":13,"minecraft:painting":1,"alexsmobs:emu_egg":3,"minecraft:saddle":1,"minecraft:plenty_pottery_sherd":3,"minecraft:mutton":2,"minecraft:coal":18,"alexsmobs:kangaroo_meat":1,"minecraft:white_wool":10,"minecraft:cobblestone":18},"minecraft:used":{"minecraft:calcite":1,"minecraft:cooked_mutton":1,"minecraft:dark_oak_stairs":1,"minecraft:tube_coral_block":9,"farmersdelight:golden_knife":21,"minecraft:decorated_pot":10,"minecraft:shield":5,"minecraft:iron_sword":94,"minecraft:torch":9,"minecraft:dirt":3,"biomesoplenty:goldenrod":1,"minecraft:crafting_table":5,"alexsmobs:cooked_kangaroo_meat":1,"minecraft:carrot":2,"minecraft:white_bed":7,"minecraft:golden_shovel":9,"minecraft:painting":1,"minecraft:obsidian":2,"waystones:waystone":1,"farmersdelight:tomato":3,"biomesoplenty:redwood_wood":1,"minecraft:bread":1,"minecraft:suspicious_stew":1,"minecraft:iron_pickaxe":29,"minecraft:furnace":3,"minecraft:cooked_porkchop":2,"alexsmobs:banana":1,"minecraft:cooked_beef":4,"minecraft:golden_pickaxe":2},"minecraft:mined":{"farmersdelight:rich_soil":6,"minecraft:white_bed":6,"farmersdelight:organic_compost":11,"minecraft:brewing_stand":1,"minecraft:crafting_table":3,"biomesoplenty:bush":3,"minecraft:grass_block":3,"minecraft:calcite":1,"minecraft:poppy":1,"minecraft:decorated_pot":19,"minecraft:tall_grass":1,"farmersdelight:wild_tomatoes":8,"biomesoplenty:dune_grass":11,"biomesoplenty:goldenrod":1,"minecraft:hay_block":13,"minecraft:furnace":3,"farmersdelight:wild_rice":5,"minecraft:spruce_log":5,"minecraft:gold_block":3,"minecraft:dark_oak_stairs":1,"biomesoplenty:sea_oats":18,"minecraft:grass":16,"minecraft:coal_ore":18,"minecraft:dirt":2,"biomesoplenty:barley":3,"minecraft:stone":2,"minecraft:white_wool":8,"biomesoplenty:redwood_wood":1},"minecraft:custom":{"minecraft:interact_with_furnace":12,"minecraft:mob_kills":23,"minecraft:interact_with_crafting_table":8,"minecraft:open_barrel":2,"minecraft:leave_game":1,"minecraft:time_since_death":94071,"minecraft:sleep_in_bed":6,"minecraft:climb_one_cm":1613,"minecraft:time_since_rest":1155,"minecraft:waystone_activated":1,"minecraft:sprint_one_cm":142477,"minecraft:damage_taken":714,"minecraft:walk_one_cm":207768,"minecraft:damage_blocked_by_shield":180,"minecraft:drop":25,"minecraft:damage_dealt":4380,"minecraft:swim_one_cm":103097,"minecraft:talked_to_villager":2,"minecraft:fly_one_cm":271957,"minecraft:open_chest":12,"minecraft:crouch_one_cm":10766,"minecraft:play_time":94071,"minecraft:sneak_time":3290,"minecraft:walk_under_water_one_cm":33676,"minecraft:jump":1626,"minecraft:walk_on_water_one_cm":30316,"minecraft:total_world_time":94071,"minecraft:fall_one_cm":42401},"minecraft:dropped":{"farmersdelight:tomato_seeds":9,"minecraft:bread":3,"minecraft:wheat_seeds":3,"minecraft:cooked_beef":1,"minecraft:bowl":2,"minecraft:saddle":1,"minecraft:golden_shovel":1,"minecraft:white_bed":1,"minecraft:red_mushroom":2,"farmersdelight:rice":5,"minecraft:dirt":2,"biomesoplenty:goldenrod":1,"minecraft:gold_nugget":4,"minecraft:wooden_pickaxe":1},"minecraft:killed":{"minecraft:pig":1,"alexsmobs:seal":2,"minecraft:wandering_trader":1,"alexsmobs:seagull":1,"alexsmobs:emu":2,"minecraft:skeleton":2,"minecraft:horse":3,"minecraft:sheep":1,"minecraft:trader_llama":2,"alexsmobs:elephant":1,"alexsmobs:gazelle":2,"minecraft:drowned":1,"alexsmobs:kangaroo":1,"minecraft:cow":3},"minecraft:crafted":{"minecraft:cooked_beef":5,"minecraft:cooked_porkchop":2,"minecraft:crafting_table":2,"minecraft:spruce_planks":20,"alexsmobs:cooked_kangaroo_meat":1,"minecraft:furnace":1,"minecraft:bread":7,"minecraft:cooked_mutton":1,"minecraft:air":0,"minecraft:stick":4,"minecraft:iron_pickaxe":1,"minecraft:white_bed":2,"minecraft:acacia_planks":20,"minecraft:wheat":18}},"DataVersion":3465}