{"stats":{"minecraft:used":{"minecraft:dirt":1},"minecraft:picked_up":{"minecraft:sugar_cane":13,"minecraft:dirt":1},"minecraft:mined":{"minecraft:tall_grass":1,"minecraft:grass":8,"minecraft:grass_block":1,"minecraft:sugar_cane":6},"minecraft:custom":{"minecraft:jump":77,"minecraft:open_chest":2,"minecraft:time_since_rest":9226,"minecraft:damage_dealt":144,"minecraft:leave_game":2,"minecraft:crouch_one_cm":835,"minecraft:play_time":9226,"minecraft:sprint_one_cm":7100,"minecraft:time_since_death":9226,"minecraft:walk_on_water_one_cm":3897,"minecraft:walk_one_cm":12420,"minecraft:sneak_time":180,"minecraft:total_world_time":9226,"minecraft:walk_under_water_one_cm":5427,"minecraft:fall_one_cm":1997,"minecraft:fly_one_cm":14894}},"DataVersion":3465}