{"stats":{"minecraft:used":{"minecraft:cornflower":1,"minecraft:oxeye_daisy":2,"minecraft:poppy":1,"minecraft:dirt":6,"minecraft:sand":11,"minecraft:dandelion":2},"minecraft:picked_up":{"minecraft:lilac":1,"minecraft:dandelion":2,"biomesoplenty:fir_log":2,"minecraft:sand":15,"minecraft:cornflower":1,"minecraft:dirt":32,"minecraft:rotten_flesh":2,"minecraft:hay_block":1,"minecraft:poppy":1,"minecraft:sugar_cane":13,"minecraft:oxeye_daisy":2},"minecraft:killed_by":{"minecraft:skeleton":1},"minecraft:mined":{"minecraft:hay_block":1,"minecraft:lilac":2,"minecraft:dark_oak_log":1,"biomesoplenty:fir_log":2,"minecraft:grass":14,"minecraft:grass_block":3,"minecraft:dirt":3,"minecraft:tall_grass":1,"biomesoplenty:sprout":1,"minecraft:sugar_cane":6,"minecraft:fern":1},"minecraft:custom":{"minecraft:time_since_rest":6230,"minecraft:sprint_one_cm":27526,"minecraft:damage_taken":430,"minecraft:walk_one_cm":35020,"minecraft:mob_kills":2,"minecraft:damage_dealt":337,"minecraft:swim_one_cm":9541,"minecraft:fly_one_cm":55295,"minecraft:open_chest":2,"minecraft:crouch_one_cm":1682,"minecraft:play_time":21226,"minecraft:deaths":1,"minecraft:walk_under_water_one_cm":9450,"minecraft:sneak_time":458,"minecraft:jump":276,"minecraft:leave_game":2,"minecraft:time_since_death":6189,"minecraft:walk_on_water_one_cm":15040,"minecraft:total_world_time":21226,"minecraft:fall_one_cm":7446}},"DataVersion":3465}