{"stats":{"minecraft:killed_by":{"minecraft:zombie":3,"minecraft:skeleton":3},"minecraft:dropped":{"minecraft:iron_sword":1,"minecraft:porkchop":8,"minecraft:cooked_beef":1,"minecraft:baked_potato":10,"minecraft:crafting_table":1,"minecraft:leather":1,"minecraft:saddle":1,"gunscraft:m1911":2,"minecraft:leather_helmet":1,"farmersdelight:rice":5,"minecraft:red_mushroom":2,"minecraft:dirt":10,"minecraft:gold_nugget":4,"minecraft:bone_meal":318,"minecraft:iron_pickaxe":2,"minecraft:gravel":5,"minecraft:cobbled_deepslate":19,"minecraft:rotten_flesh":29,"gunscraft:holographic":1,"minecraft:golden_shovel":1,"minecraft:white_bed":1,"farmersdelight:rice_panicle":3,"minecraft:leather_boots":3,"minecraft:leather_leggings":1,"minecraft:glass":3,"farmersdelight:tomato_seeds":9,"minecraft:iron_ingot":1,"minecraft:bread":26,"minecraft:wheat_seeds":19,"minecraft:poisonous_potato":3,"minecraft:iron_helmet":2,"minecraft:cobblestone":77,"minecraft:granite":8,"gunscraft:suppressor":1,"minecraft:coal":87,"minecraft:stick":3,"biomesoplenty:goldenrod":1,"minecraft:diorite":1,"gunscraft:pistol_ammo_provider":1,"minecraft:torch":2,"minecraft:string":3,"minecraft:acacia_planks":2,"minecraft:skull_pottery_sherd":4,"minecraft:dandelion":2,"minecraft:smooth_basalt":1,"minecraft:redstone":2,"farmersdelight:rotten_tomato":1,"minecraft:furnace":1,"minecraft:raw_copper":3,"minecraft:bowl":2,"minecraft:tuff":5,"gunscraft:laser_sight":1,"minecraft:raw_iron":1,"minecraft:iron_boots":1,"minecraft:shield":1,"minecraft:iron_chestplate":1,"minecraft:diamond_pickaxe":1,"minecraft:andesite":1,"gunscraft:pistol_exp_mag":2,"minecraft:spider_eye":6,"minecraft:bow":1,"minecraft:wooden_pickaxe":1,"minecraft:calcite":1},"minecraft:crafted":{"minecraft:cooked_mutton":1,"minecraft:hopper":1,"minecraft:glass":23,"minecraft:iron_boots":2,"minecraft:bow":1,"sophisticatedbackpacks:copper_backpack":1,"minecraft:chest":3,"minecraft:glass_bottle":9,"sophisticatedbackpacks:backpack":1,"minecraft:cooked_porkchop":2,"minecraft:crafting_table":4,"minecraft:spruce_planks":20,"minecraft:iron_helmet":2,"minecraft:baked_potato":132,"minecraft:copper_ingot":8,"minecraft:iron_chestplate":3,"minecraft:diamond_pickaxe":1,"minecraft:stick":40,"gunscraft:vending_machine":1,"minecraft:iron_ingot":73,"minecraft:iron_pickaxe":2,"minecraft:iron_block":1,"minecraft:gold_ingot":30,"minecraft:spruce_button":1,"minecraft:furnace":2,"minecraft:bone_meal":408,"minecraft:glass_pane":16,"minecraft:wheat":117,"sophisticatedbackpacks:iron_backpack":1,"minecraft:cooked_beef":5,"alexsmobs:cooked_kangaroo_meat":1,"minecraft:bucket":1,"minecraft:bread":40,"minecraft:air":0,"minecraft:iron_leggings":1,"minecraft:white_bed":2,"minecraft:acacia_planks":56,"minecraft:torch":124},"minecraft:broken":{"minecraft:golden_shovel":1,"minecraft:iron_pickaxe":1},"minecraft:killed":{"minecraft:spider":2,"alexsmobs:murmur":4,"minecraft:skeleton":17,"alexsmobs:centipede_head":4,"alexsmobs:kangaroo":1,"minecraft:pig":1,"alexsmobs:seal":2,"minecraft:creeper":6,"minecraft:sheep":1,"minecraft:trader_llama":2,"minecraft:zombie":21,"minecraft:cow":3,"alexsmobs:seagull":1,"minecraft:horse":3,"alexsmobs:murmur_head":1,"minecraft:drowned":3,"minecraft:bat":1,"minecraft:wandering_trader":1,"alexsmobs:emu":2,"alexsmobs:elephant":1,"alexsmobs:gazelle":2,"minecraft:enderman":1},"minecraft:mined":{"minecraft:large_amethyst_bud":1,"minecraft:white_bed":6,"farmersdelight:rich_soil":6,"minecraft:brewing_stand":1,"minecraft:obsidian":17,"minecraft:granite":2,"minecraft:grass_block":4,"farmersdelight:wild_rice":5,"minecraft:iron_ore":66,"minecraft:cobbled_deepslate":7,"minecraft:dark_oak_stairs":1,"farmersdelight:rice_panicles":1,"minecraft:deepslate_redstone_ore":10,"farmersdelight:organic_compost":11,"minecraft:amethyst_cluster":12,"minecraft:torch":4,"minecraft:calcite":4,"minecraft:poppy":1,"gunscraft:vending_machine":1,"minecraft:cobblestone":3,"minecraft:wall_torch":3,"minecraft:amethyst_block":5,"biomesoplenty:goldenrod":1,"minecraft:grass":25,"minecraft:sand":23,"minecraft:dirt":12,"minecraft:smooth_basalt":2,"minecraft:deepslate":53,"minecraft:tuff":7,"minecraft:deepslate_diamond_ore":7,"minecraft:glow_lichen":1,"biomesoplenty:bush":5,"minecraft:decorated_pot":19,"minecraft:redstone_wire":2,"farmersdelight:tomatoes":1,"biomesoplenty:dune_grass":11,"minecraft:hay_block":13,"minecraft:furnace":12,"minecraft:gold_block":3,"biomesoplenty:sea_oats":18,"minecraft:potatoes":136,"biomesoplenty:high_grass":15,"minecraft:deepslate_iron_ore":64,"biomesoplenty:barley":3,"minecraft:stone":156,"minecraft:white_wool":8,"minecraft:crafting_table":7,"biomesoplenty:high_grass_plant":48,"minecraft:tall_grass":3,"minecraft:copper_ore":8,"minecraft:deepslate_gold_ore":15,"farmersdelight:wild_tomatoes":8,"minecraft:diorite":1,"minecraft:spruce_log":5,"minecraft:coal_ore":66,"biomesoplenty:redwood_wood":1},"minecraft:used":{"minecraft:decorated_pot":10,"minecraft:shield":45,"minecraft:iron_sword":198,"minecraft:carrot":2,"aquaculture:synodontis":3,"minecraft:tuff":3,"minecraft:obsidian":2,"minecraft:lava_bucket":3,"farmersdelight:tomato":3,"minecraft:iron_helmet":1,"minecraft:golden_sword":2,"minecraft:furnace":7,"minecraft:potato":153,"minecraft:dark_oak_stairs":1,"biomesoplenty:goldenrod":1,"farmersdelight:rice":1,"waystones:waystone":1,"minecraft:bread":9,"minecraft:bone_meal":90,"minecraft:golden_pickaxe":2,"minecraft:stone_hoe":15,"minecraft:torch":111,"minecraft:dirt":6,"alexsmobs:cooked_kangaroo_meat":1,"minecraft:golden_shovel":32,"biomesoplenty:redwood_wood":1,"minecraft:spruce_button":1,"alexsmobs:banana":1,"minecraft:cooked_beef":4,"farmersdelight:tomato_seeds":1,"minecraft:cobbled_deepslate":36,"minecraft:calcite":3,"minecraft:cooked_mutton":1,"minecraft:water_bucket":3,"minecraft:tube_coral_block":9,"minecraft:glass_bottle":26,"minecraft:baked_potato":37,"farmersdelight:golden_knife":21,"minecraft:leather_boots":1,"minecraft:crafting_table":9,"minecraft:white_bed":7,"minecraft:painting":1,"minecraft:diamond_pickaxe":127,"minecraft:suspicious_stew":1,"minecraft:iron_pickaxe":408,"gunscraft:vending_machine":2,"minecraft:cobblestone":29,"minecraft:potion":18,"minecraft:cooked_porkchop":2,"minecraft:bucket":7},"minecraft:custom":{"minecraft:interact_with_crafting_table":54,"minecraft:open_barrel":2,"minecraft:leave_game":5,"minecraft:time_since_death":225902,"minecraft:sprint_one_cm":289140,"minecraft:damage_blocked_by_shield":2250,"minecraft:drop":146,"minecraft:talked_to_villager":2,"minecraft:play_time":393086,"minecraft:deaths":6,"minecraft:jump":4698,"minecraft:walk_on_water_one_cm":82919,"minecraft:interact_with_furnace":61,"minecraft:sleep_in_bed":8,"minecraft:waystone_activated":1,"minecraft:damage_dealt":9979,"minecraft:crouch_one_cm":38324,"minecraft:interact_with_smoker":20,"minecraft:mob_kills":83,"minecraft:damage_dealt_resisted":189,"minecraft:climb_one_cm":1613,"minecraft:walk_one_cm":754446,"minecraft:damage_dealt_absorbed":54,"minecraft:sneak_time":10912,"minecraft:walk_under_water_one_cm":64706,"minecraft:total_world_time":393086,"minecraft:time_since_rest":218434,"minecraft:damage_taken":4351,"minecraft:swim_one_cm":115058,"minecraft:fly_one_cm":493405,"minecraft:open_chest":12,"minecraft:fall_one_cm":116211},"minecraft:picked_up":{"minecraft:iron_chestplate":5,"aquaculture:synodontis":3,"minecraft:suspicious_stew":1,"minecraft:lead":2,"gunscraft:pistol_ammo_provider":2,"farmersdelight:rice_panicle":3,"minecraft:potion":1,"minecraft:golden_shovel":1,"minecraft:brewing_stand":1,"minecraft:golden_sword":2,"minecraft:amethyst_block":8,"minecraft:string":9,"minecraft:raw_copper":96,"alexsmobs:emu_feather":6,"minecraft:cobbled_deepslate":68,"minecraft:bucket":2,"minecraft:spruce_planks":7,"minecraft:calcite":4,"minecraft:iron_pickaxe":8,"biomesoplenty:redwood_wood":1,"gunscraft:suppressor":2,"minecraft:furnace":11,"minecraft:stick":12,"farmersdelight:rotten_tomato":1,"minecraft:acacia_log":70,"minecraft:torch":91,"minecraft:porkchop":10,"minecraft:diorite":1,"alexsmobs:centipede_leg":11,"minecraft:rotten_flesh":30,"gunscraft:laser_sight":2,"alexsmobs:emu_egg":3,"farmersdelight:rope":5,"minecraft:obsidian":16,"minecraft:cobblestone":795,"farmersdelight:rice":10,"gunscraft:vending_machine":1,"minecraft:andesite":1,"minecraft:potato":529,"alexsmobs:bison_fur":2,"minecraft:flint":4,"minecraft:tuff":8,"minecraft:lapis_lazuli":18,"farmersdelight:tomato":27,"minecraft:dirt":41,"gunscraft:cash":63,"minecraft:leather_boots":10,"minecraft:bone":40,"minecraft:acacia_planks":8,"minecraft:bow":5,"minecraft:wheat_seeds":19,"minecraft:raw_gold":15,"minecraft:stone_hoe":2,"minecraft:poisonous_potato":3,"minecraft:sand":23,"alexsmobs:animal_dictionary":5,"alexsmobs:kangaroo_hide":2,"minecraft:diamond":5,"waystones:waystone":1,"minecraft:granite":9,"minecraft:bread":36,"minecraft:emerald":9,"minecraft:plenty_pottery_sherd":3,"minecraft:diamond_pickaxe":1,"minecraft:crafting_table":11,"minecraft:leather_leggings":1,"minecraft:mourner_pottery_sherd":2,"minecraft:wooden_pickaxe":2,"alexsmobs:roadrunner_feather":1,"minecraft:gold_block":3,"minecraft:brick":14,"minecraft:shield":5,"minecraft:beef":9,"alexsmobs:elastic_tendon":4,"minecraft:poppy":1,"minecraft:raw_iron":141,"minecraft:bowl":1,"farmersdelight:tomato_seeds":24,"minecraft:skull_pottery_sherd":8,"minecraft:carrot":2,"minecraft:redstone":46,"minecraft:arrow":42,"minecraft:decorated_pot":10,"minecraft:hay_block":13,"gunscraft:pistol_exp_mag":3,"minecraft:saddle":2,"minecraft:gold_ingot":5,"sophisticatedbackpacks:copper_backpack":4,"minecraft:white_wool":10,"minecraft:mutton":2,"minecraft:bone_block":64,"alexsmobs:kangaroo_meat":1,"farmersdelight:rich_soil":6,"biomesoplenty:goldenrod":2,"minecraft:leather":10,"minecraft:red_mushroom":2,"gunscraft:pistol_9mm":1,"minecraft:gunpowder":17,"minecraft:paper":15,"farmersdelight:organic_compost":12,"minecraft:apple":2,"minecraft:iron_ingot":23,"minecraft:blade_pottery_sherd":1,"minecraft:iron_sword":9,"minecraft:dark_oak_stairs":1,"minecraft:smooth_basalt":1,"alexsmobs:falconry_hood":2,"minecraft:dandelion":2,"minecraft:gravel":5,"minecraft:prize_pottery_sherd":8,"minecraft:amethyst_shard":84,"gunscraft:holographic":2,"minecraft:white_bed":6,"minecraft:spruce_log":5,"minecraft:spider_eye":8,"minecraft:leather_helmet":1,"minecraft:slime_ball":6,"gunscraft:m1911":3,"minecraft:stone_axe":1,"minecraft:iron_helmet":6,"minecraft:painting":1,"minecraft:baked_potato":380,"minecraft:coal":199}},"DataVersion":3465}